date,ozone,temperature,relative_humidity,numdeaths
1/1/2002,4.586224556,-0.225000009,75.67829895,199
1/2/2002,4.876852512,0.087499954,77.52500153,231
1/3/2002,4.707875252,0.850000024,81.32499695,210
1/4/2002,4.137461185,0.537500024,85.44999695,203
1/5/2002,2.005846262,4.25,93.52500153,224
1/6/2002,2.401445866,7.068749905,96.40000153,198
1/7/2002,4.082940102,5.1875,93.52500153,180
1/8/2002,3.127579927,3.512500048,81.5,188
1/9/2002,2.052420139,3.224999905,88.32499695,168
1/10/2002,5.186887264,5.324999809,85.40000153,194
1/11/2002,3.591538906,2.993750095,92.59999847,223
1/12/2002,12.86544323,4.762499809,94.17500305,201
1/13/2002,17.6133709,8.181249619,91.42500305,204
1/14/2002,18.69501686,9.293749809,89.17500305,184
1/15/2002,15.95137882,7.237499714,82.82499695,191
1/16/2002,9.604250908,4.237499714,83.32499695,181
1/17/2002,27.54545403,6.518750191,88.42500305,179
1/18/2002,18.27272797,4.643750191,83.32499695,172
1/19/2002,44.27272797,7.118750095,70,167
1/20/2002,49.90909195,8.931249619,85.80000305,167
1/21/2002,38.09090805,10.83749962,81.22499847,189
1/22/2002,43.09090805,9.043749809,71.32500458,183
1/23/2002,46.90909195,9.287500381,83.22499847,193
1/24/2002,34.54545593,8.5625,76.02500153,173
1/25/2002,26,6.618750095,80.94999695,177
1/26/2002,60.63636398,9.243749619,84.55000305,174
1/27/2002,42.45454407,10.45625019,90.30000305,169
1/28/2002,56.09464264,10.33125019,61.47499847,204
1/29/2002,38.11042023,10.90625,77.52500153,164
1/30/2002,33.01515579,11.13125038,82.9750061,160
1/31/2002,46.71896362,8.481249809,72.69999695,192
2/1/2002,58.20595932,9.856249809,78.55000305,173
2/2/2002,60.52612305,12.18124962,73.02500153,167
2/3/2002,39.26398849,9.53125,79.55000305,180
2/4/2002,44.39678574,8.056249619,89.17500305,143
2/5/2002,48.00188446,9.581250191,76.55000305,194
2/6/2002,33.9189949,7.25,64.05000305,148
2/7/2002,21.53743172,6.300000191,79.32499695,144
2/8/2002,28.50093651,9.487500191,89.77500153,169
2/9/2002,54.19873428,10.13749981,62.375,171
2/10/2002,55.5718956,9.100000381,68.75,155
2/11/2002,44.50498962,11.03125,86.5,146
2/12/2002,38.99726868,11.5,69.59999847,141
2/13/2002,22.2712574,7.824999809,78.52500153,150
2/14/2002,32.82904053,5.456250191,59.07500076,177
2/15/2002,16.25182343,3.5625,72.40000153,177
2/16/2002,16.37057686,5.112500191,70.625,166
2/17/2002,7.431434155,3.706249952,79.02500153,154
2/18/2002,21.7264328,5.650000095,66.25,186
2/19/2002,45.15992355,8.337499619,68.22499847,171
2/20/2002,48.63015747,8.149999619,59.27499771,151
2/21/2002,31.81117058,5.199999809,65.90000153,169
2/22/2002,50.5238533,9.131250381,67.75,185
2/23/2002,57.07624435,5.556250095,74.55000305,154
2/24/2002,41.76553726,5.756249905,84.17500305,161
2/25/2002,45.64722824,9.206250191,88.72499847,163
2/26/2002,58.5707283,9.543749809,68.57499695,183
2/27/2002,54.78866196,5.931250095,66.30000305,153
2/28/2002,41.1239357,6.993750095,62.07500076,155
3/1/2002,16.34319305,3.606250048,80.65000153,152
3/2/2002,21.50690842,3.849999905,69.40000153,165
3/3/2002,17.56430817,6.587500095,77.82499695,162
3/4/2002,22.55617332,6.9375,68.22499847,186
3/5/2002,12.14976501,7.931250095,68.90000153,195
3/6/2002,46.30099869,8.587499619,75.15000153,184
3/7/2002,42.74446106,11.69999981,54.02500153,169
3/8/2002,29.88905525,9.487500191,69.875,138
3/9/2002,50.54545593,7.318749905,52.82499695,150
3/10/2002,57.18181992,6.675000191,70.07499695,141
3/11/2002,38.09090805,9.943750381,81.77500153,185
3/12/2002,10.909091,8.862500191,82.34999847,179
3/13/2002,52.54545593,6.237499714,76.09999847,157
3/14/2002,47.09090805,5.168749809,73.15000153,163
3/15/2002,4.422968388,6.5625,93.77500153,182
3/16/2002,27.63636398,10.47500038,74.75,177
3/17/2002,37.18181992,11.19375038,79.3999939,206
3/18/2002,54,9.412500381,83.77500153,164
3/19/2002,34.90909195,9.418749809,72.52500153,156
3/20/2002,33.36363602,11.35624981,85.72499847,180
3/21/2002,36,12.82499981,69.44999695,168
3/22/2002,25.63636398,11.86250019,72.80000305,135
3/23/2002,41.63636398,9.462499619,60.57500076,166
3/24/2002,38.81818008,8.03125,54.47499847,151
3/25/2002,29.004776,8.949999809,60.47499847,165
3/26/2002,37.87185287,9.050000191,61.65000153,158
3/27/2002,27.72727203,6.78125,61.89999771,165
3/28/2002,19.18181801,7.474999905,50.27500153,161
3/29/2002,20.45454597,9.243749619,49.40000153,170
3/30/2002,41.27272797,10.16250038,49.70000076,161
3/31/2002,52.63636398,9.893750191,81.25,132
4/1/2002,65,12.01379681,64.84999847,151
4/2/2002,38.72727203,12.69999981,57.90000153,167
4/3/2002,35.27344131,15.60624981,40.75,161
4/4/2002,28.86170578,12.83124924,57,177
4/5/2002,29.88845444,11.01875019,61.45000076,154
4/6/2002,70.45454407,8.918749809,41.10096359,160
4/7/2002,75.90908813,8.006250381,56.5,135
4/8/2002,62.54545593,9.193750381,56.57500076,180
4/9/2002,53.18181992,6.5,69.97499847,171
4/10/2002,81.1818161,8.5625,45.42499924,158
4/11/2002,59.45454407,8.081250191,48.77500153,162
4/12/2002,71.8181839,7.681250095,49.40000153,143
4/13/2002,57.18181992,7.181250095,57.40000153,127
4/14/2002,36,6.875,55.29999924,147
4/15/2002,17.54545403,8.681249619,69.625,153
4/16/2002,35.09090805,9.050000191,45.59999847,146
4/17/2002,47.54545593,9.518750191,53.75,150
4/18/2002,40.90909195,9.125,60.69999695,134
4/19/2002,24,9.59375,63.625,150
4/20/2002,31.63636398,10.30000019,52.59999847,152
4/21/2002,58.54545593,12.89375019,49.82499695,178
4/22/2002,51.90909195,14.34375,56.95000076,147
4/23/2002,35.72727203,15.29374981,60.52500153,174
4/24/2002,22.19387436,15.73124981,68.05000305,151
4/25/2002,37.62573624,13.16249943,54.5,143
4/26/2002,47.45454407,11.36250019,85.375,153
4/27/2002,54.38014221,9.712499619,49.45000076,161
4/28/2002,71.35533905,11.15625,67.875,140
4/29/2002,60.96311188,10.00625038,56.04999924,151
4/30/2002,54.36363602,9.862500191,88.57499695,145
5/1/2002,45.02521896,10.77578545,51.45000076,127
5/2/2002,25.72716522,10.1875,55.70000076,154
5/3/2002,35.45454407,10.48124981,57.27500153,161
5/4/2002,55,9.100000381,58.65000153,139
5/5/2002,63.45454407,7.631249905,54.47499847,143
5/6/2002,56.45454407,10.73750019,75.47499847,157
5/7/2002,33.36363602,12.63749981,76.22499847,147
5/8/2002,45.18181992,11.35624981,75.34999847,147
5/9/2002,47.18181992,10.45625019,81.92500305,142
5/10/2002,31.54545403,13.10000038,77.05000305,151
5/11/2002,43.27272797,13.76249981,66.92499542,155
5/12/2002,39.45454407,12.95625019,72,133
5/13/2002,49.63636398,12.21249962,88.22499847,136
5/14/2002,67.63636017,13.23124981,58.52500153,160
5/15/2002,53.18181992,14.72500038,61.07500076,165
5/16/2002,43,16.66250038,51.22499847,149
5/17/2002,61.81818008,18.49374962,55.34999847,139
5/18/2002,53.81818008,15.08124924,73.125,152
5/19/2002,66.45454407,15.03750038,60.17499924,124
5/20/2002,48.27272797,15.64374924,64,160
5/21/2002,62.44443512,15.36874962,66.84999847,154
5/22/2002,62.96246719,15.13749981,61.60000229,142
5/23/2002,62.16363525,14.5,56.84999847,149
5/24/2002,63.6565361,13.90625,75.42500305,155
5/25/2002,67.82931519,12.77499962,50.92499924,146
5/26/2002,65.44203949,11.02499962,76.57499695,138
5/27/2002,47.42359543,11.60624981,63.02500153,155
5/28/2002,48,12.30000019,77.34999847,172
5/29/2002,52.72727203,13,53.875,147
5/30/2002,48.54545593,13.14375019,61.72499847,133
5/31/2002,43.45454407,14.05723,54.04999924,161
6/1/2002,54.45454407,15.73750019,43.95000076,143
6/2/2002,71.1818161,18.25625038,43.22499847,148
6/3/2002,65.63636017,16.01874924,68.59999847,144
6/4/2002,48.54545593,12.72500038,64.92500305,155
6/5/2002,21.17158127,12.35000038,89.77500153,157
6/6/2002,14.7974062,14.71875,88.15000153,171
6/7/2002,23.72948837,14.41874981,90.02500153,145
6/8/2002,29.98390961,13.875,75.52500153,133
6/9/2002,44.01698303,13.43124962,80.5,121
6/10/2002,41.50978851,12.98750019,69.34999847,162
6/11/2002,42.10972214,13.375,55.09999847,148
6/12/2002,34.27609253,14.3125,68.65000153,155
6/13/2002,36.36954498,15.18124962,69.625,131
6/14/2002,26.80996323,17.93124962,75.52500153,150
6/15/2002,51.67974472,17.04375076,61.875,162
6/16/2002,37.45594406,17.82500076,84.09999847,168
6/17/2002,33.7910614,20.70000076,60.77500153,164
6/18/2002,39.36165237,18.76250076,63.04999924,156
6/19/2002,49.6018219,16.14999962,47.22499847,148
6/20/2002,39.43971634,17.64374924,57.09999847,135
6/21/2002,45.29710388,16.67499924,56.67499924,128
6/22/2002,49.58920288,15.96875,61,136
6/23/2002,51.81140137,15.58749962,52.20000076,148
6/24/2002,45.2311058,15.375,47.65000153,150
6/25/2002,31.69194031,15.19375038,56.04999924,141
6/26/2002,41.54412842,16.92499924,50,150
6/27/2002,45.42430115,14.86874962,49.375,144
6/28/2002,39.72727203,13.4375,48.42499924,133
6/29/2002,46.18181992,13.83750057,48.20000076,148
6/30/2002,41.27272797,15.10000038,63.29999924,159
7/1/2002,37.90909195,14.48750019,72.77500153,148
7/2/2002,33.63636398,13.88125038,62.19999695,162
7/3/2002,21.90909004,14.16874981,76.375,149
7/4/2002,40.63636398,14.56875038,52.625,133
7/5/2002,21.90909004,15.53749943,86.77500153,167
7/6/2002,41.09090805,16.28750038,70.09999847,140
7/7/2002,36.81818008,16.40625,84.15000153,140
7/8/2002,22.09090996,16.59375,88.15000153,159
7/9/2002,23.45454597,17.38125038,79.34999847,140
7/10/2002,29,14.44375038,67.5,118
7/11/2002,32.27272797,14.96875,59.875,139
7/12/2002,17.90909004,13.75,70.22499847,157
7/13/2002,37,16.19375038,48.59999847,140
7/14/2002,53.36363602,17.76250076,42.72499847,163
7/15/2002,38.27272797,18.86249924,47.22499847,155
7/16/2002,27,20.08124924,58.02500153,142
7/17/2002,34.63636398,17.21875,59.92499924,136
7/18/2002,32.45454407,18.41250038,57.20000076,148
7/19/2002,34.90909195,18.375,49.42499924,156
7/20/2002,44.09090805,18.27499962,56.5,135
7/21/2002,32.09090805,14.91250038,64.19999695,136
7/22/2002,30.09090996,15.78125,56.70000076,161
7/23/2002,22.45454597,17.22500038,78.92499542,139
7/24/2002,33.81818008,17.16875076,63.09999847,136
7/25/2002,25.27272797,16.9375,68.30000305,169
7/26/2002,28.54545403,21.47500038,62.55000305,148
7/27/2002,32.54545593,19.99374962,68.30000305,149
7/28/2002,63.09090805,22.94375038,56.34999847,166
7/29/2002,67.27272797,24.53125,58.52500153,172
7/30/2002,39.41067123,21.75624847,71.30000305,199
7/31/2002,29.13905716,19.29375076,87.52500153,157
8/1/2002,21.51224518,16.77499962,68.77500153,123
8/2/2002,32.0085907,17.44375038,56.97499847,158
8/3/2002,26.60680199,16.92499924,74.34999847,141
8/4/2002,37.81818008,17.00625038,82,153
8/5/2002,35.27272797,16.30624962,82.77500153,144
8/6/2002,35.36363602,18.92499924,71.02500153,156
8/7/2002,31.49412918,20.34375,56.75,138
8/8/2002,14.10308266,17.5625,80.72499847,139
8/9/2002,21.45728683,16.91875076,78.47499847,127
8/10/2002,24.45879173,17.98749924,72.47499847,137
8/11/2002,29.82882118,17.64374924,72.67499542,115
8/12/2002,23.26256943,18.25625038,64.67500305,140
8/13/2002,13.96919632,18.79375076,67.55000305,158
8/14/2002,28.83106041,20.00625038,63.07499695,151
8/15/2002,42.4076767,22.26874924,56.65000153,154
8/16/2002,38.81874084,21.24374962,56.57500076,158
8/17/2002,55.3443718,22.26875114,54.375,161
8/18/2002,38.52335358,21.17499924,64.72499847,149
8/19/2002,27.13818932,21.38750076,67.80000305,154
8/20/2002,19.12059593,19.01250076,75.97499847,130
8/21/2002,27.92226791,18.125,55.70000076,147
8/22/2002,24.16841698,18.1875,54.97499847,158
8/23/2002,26.15047646,18,60.82500076,117
8/24/2002,26.63636398,18.38750076,57.40000153,144
8/25/2002,35,17.91250038,70.27500153,129
8/26/2002,34.45454407,14.74374962,79.67500305,139
8/27/2002,42.81818008,17.35625076,74.09999847,152
8/28/2002,44.81818008,18.47500038,64.27500153,127
8/29/2002,10.909091,18.38125038,75.5,134
8/30/2002,14.090909,18.875,77.07499695,124
8/31/2002,34.45454407,16.59375,50.29999924,125
9/1/2002,35.63636398,14.53125,52.94999695,137
9/2/2002,31,15.70625019,54.90000153,136
9/3/2002,30.95151329,18.60000038,61.92499924,141
9/4/2002,29.51965714,16.20000076,60.29999924,169
9/5/2002,35.36363602,16.90625,65.94999695,169
9/6/2002,42.63636398,18.53125,65.71221924,167
9/7/2002,38.63636398,16.58749962,66.34999847,142
9/8/2002,24.45454597,15.35000038,66.07499695,138
9/9/2002,16.54545403,13.51875019,90.67499542,168
9/10/2002,24.27272797,14.94999981,59.67499924,140
9/11/2002,27.63636398,15.21249962,58.29999924,153
9/12/2002,37.72727203,18.23749924,67.875,140
9/13/2002,42.69220734,18.42499924,57.02499771,148
9/14/2002,63.59606934,16.13125038,65.875,152
9/15/2002,66.22437286,15.83125019,58.22499847,137
9/16/2002,42.89957428,13.48124981,61,126
9/17/2002,34.91343689,14.43124962,68.82499695,132
9/18/2002,31.04747009,14.375,64.47499847,142
9/19/2002,25.62163544,15.5625,62.70000076,144
9/20/2002,24.90909004,15.39375019,58.97499847,154
9/21/2002,26.36363602,15.23750019,56.34999847,128
9/22/2002,43.81818008,14.32499981,66.65000153,146
9/23/2002,38.54545593,14.02499962,54.625,165
9/24/2002,29.90909004,12.53125,53.42499924,131
9/25/2002,21.54545403,12.76249981,62.59999847,145
9/26/2002,27.4171505,14.09375,59.32499695,141
9/27/2002,4.451012611,11.96875,76.77500153,149
9/28/2002,13.18756104,13.42500019,66.57499695,132
9/29/2002,21.63998604,14.36250019,61.45000076,153
9/30/2002,15.06890011,14.73124981,57.95000076,158
10/1/2002,9.411253929,15.36250019,64.97499847,165
10/2/2002,15.06444454,16.71875,77.22499847,159
10/3/2002,21.65012932,16.375,65.5,161
10/4/2002,10.91759491,12.58125019,61.27500153,140
10/5/2002,17.45454597,13.01875019,75,128
10/6/2002,35.54545593,14.53125,61.77500153,132
10/7/2002,11.36363602,13.58749962,59.79999924,135
10/8/2002,16.36363602,13.25,62.02500153,145
10/9/2002,12.090909,11.55000019,68.80000305,127
10/10/2002,11.63636398,12.5625,74.44999695,161
10/11/2002,11.090909,11.61874962,68.94999695,148
10/12/2002,10.81818199,11.71875,77.05000305,158
10/13/2002,15.18181801,8.09375,85.22499847,164
10/14/2002,10,10.08749962,90.67500305,146
10/15/2002,20.54545403,11,89.625,152
10/16/2002,15,9.806249619,74.42500305,155
10/17/2002,9.181818008,7.399999619,69.125,167
10/18/2002,6.909090996,6.493750095,76.90000153,140
10/19/2002,12.63636398,6.150000095,64.80000305,148
10/20/2002,11.27272701,7.512499809,74.77500153,153
10/21/2002,18.09090996,11.78125,84.19999695,181
10/22/2002,34.18181992,14.14375019,89.875,174
10/23/2002,37.18181992,10.21875,55.84999847,151
10/24/2002,19,7.387499809,68.84999847,160
10/25/2002,43.72727203,11.97500038,78.79999542,170
10/26/2002,48.18181992,11.98124981,50.67499924,165
10/27/2002,58.27272797,12.125,50.375,163
10/28/2002,26.72727203,9.3125,60.84999847,169
10/29/2002,19.18181801,10.92500019,67.65000153,163
10/30/2002,5.741790771,10.69375038,89.15000153,148
10/31/2002,2.958305836,11.59870148,81.72499847,167
11/1/2002,17.53537178,12.76171303,91.94999695,155
11/2/2002,16.7495575,12.5696106,93.80000305,147
11/3/2002,40.55965805,11.98416138,68.875,150
11/4/2002,15.18181801,10.1935091,71.75,138
11/5/2002,14.18181801,10.41512871,88.25,171
11/6/2002,25.45454597,11.61286163,91.15000153,143
11/7/2002,22.18181801,7.681849957,64.15000153,157
11/8/2002,21.81818199,9.051823616,92.125,153
11/9/2002,15.72727299,10.13593864,76.65000153,144
11/10/2002,16.90909004,11.15638542,91.47499847,162
11/11/2002,27.63636398,10.55719852,70.82499695,142
11/12/2002,32.54545593,10.73537254,81.92500305,167
11/13/2002,26.45454597,10.17208958,79.47499847,142
11/14/2002,41.09090805,10.8205452,74.625,168
11/15/2002,14.72727299,10.40795231,80.65000153,145
11/16/2002,3,8.59532547,91.6000061,163
11/17/2002,2,7.674994469,93.70000458,134
11/18/2002,3,6.03487587,84.47499847,158
11/19/2002,9.363636017,7.374887466,83.65000153,154
11/20/2002,12.63636398,8.987296104,86.5,146
11/21/2002,16.90909004,9.950872421,89.22499847,190
11/22/2002,34.54545593,9.536603928,85.875,142
11/23/2002,23.90909004,9.116422653,82.34999847,171
11/24/2002,13.54545498,8.161081314,86.22499847,139
11/25/2002,2.636363745,6.490982533,94.84999847,152
11/26/2002,9.909090996,8.352772713,85.32499695,146
11/27/2002,26.72727203,9.037367821,76.75,166
11/28/2002,20.54545403,10.59282684,83.17500305,159
11/29/2002,8.545454979,8.267442703,89.34999847,167
11/30/2002,11.18181801,8.987290382,86.72499847,155
12/1/2002,46,9.657979965,77.52500153,153
12/2/2002,38.72727203,9.037143707,64.17500305,165
12/3/2002,11.72727299,8.366567612,84.02500153,145
12/4/2002,8.181818008,7.574921131,84.82499695,169
12/5/2002,13.72727299,6.026449203,76.75,158
12/6/2002,13,6.511501312,86.55000305,147
12/7/2002,22.36363602,4.834760189,88.47499847,153
12/8/2002,12.45454502,3.443514824,89.72499847,165
12/9/2002,14.72727299,3.536174774,69.22499847,173
12/10/2002,12.090909,1.824148417,79.42500305,168
12/11/2002,4.818181992,2.323667049,81.02500153,184
12/12/2002,2.090909004,3.743466854,88.94999695,185
12/13/2002,2.181818247,5.255958557,95.1000061,174
12/14/2002,2.727272749,6.525855064,91.75,171
12/15/2002,2.727272749,6.554373741,94.27500153,180
12/16/2002,4.272727489,6.004982471,90.59999847,194
12/17/2002,11.27272701,4.135878563,83.52500153,195
12/18/2002,10.909091,3.394062042,73.34999847,159
12/19/2002,5,3.964957237,78,196
12/20/2002,2,3.69407177,92.75,181
12/21/2002,2.545454502,7.332499981,95.55000305,189
12/22/2002,23.81818199,9.979187965,85.27500153,192
12/23/2002,16.45454597,10.17910957,93.59999847,197
12/24/2002,39.90909195,11.52743816,83.92500305,187
12/25/2002,41.36363602,10.32869816,85.94999695,179
12/26/2002,52.63636398,10.58566952,85.57499695,180
12/27/2002,37.63636398,10.86401939,84.52500153,168
12/28/2002,15.45454502,8.445465088,76.72499847,180
12/29/2002,32,9.401427269,93.40000153,184
12/30/2002,27.54545403,9.615148544,92.42500305,177
12/31/2002,15.54545498,5.897704124,81.17500305,164
1/1/2003,33,7.952795982,93.07499695,154
1/2/2003,40.90909195,9.422472,87.625,169
1/3/2003,24,5.833695412,83.875,173
1/4/2003,28.18181801,2.031036139,75.40000153,169
1/5/2003,7.909090996,0.989909291,86.92500305,162
1/6/2003,19.72727203,1.153622627,70.82499695,181
1/7/2003,18.81818199,-0.458902478,79.30000305,181
1/8/2003,7.390156746,-1.400506854,86.43121338,173
1/9/2003,25.81818199,0.325462878,83.37641907,202
1/10/2003,16.90909004,2.237598658,86.67500305,190
1/11/2003,10,0.661301374,81.34999847,194
1/12/2003,6.636363506,0.476670057,78.76779938,176
1/13/2003,28.87714767,5.969488621,83.67673492,175
1/14/2003,44.28858566,9.00888443,73.37295532,195
1/15/2003,35.86893463,8.52364254,75.86534119,179
1/16/2003,24.71502304,6.326777458,80.23298645,197
1/17/2003,32.35208511,6.205174923,88.57360077,178
1/18/2003,27.45454597,5.877340317,82.25,152
1/19/2003,37,7.225035667,85.30000305,188
1/20/2003,49.09090805,7.524878979,89.72499847,191
1/21/2003,40.63636398,7.988444805,82.25,211
1/22/2003,20.72727203,7.060965061,81.07499695,184
1/23/2003,21.09090996,5.983986855,70.52500153,177
1/24/2003,11.27272701,4.71465826,77.09999847,192
1/25/2003,34.81818008,8.50955677,72,192
1/26/2003,16.36363602,8.880582809,89.875,174
1/27/2003,16.54545403,11.23586845,78.375,162
1/28/2003,46.81818008,7.396282673,71.72499847,161
1/29/2003,42.63636398,4.934603691,58.57500076,155
1/30/2003,38.27272797,1.538944602,75.16146851,157
1/31/2003,24.90909004,0.261618316,74.26716614,163
2/1/2003,20.31149864,3.343789816,85.25,179
2/2/2003,45.36363602,4.942435265,77.625,176
2/3/2003,37.54545593,4.941955566,60.02500153,168
2/4/2003,29.59698868,2.502043247,66.15000153,195
2/5/2003,19.41637611,1.596268892,71.47499847,168
2/6/2003,11.27272701,1.974992275,81.27500153,170
2/7/2003,11.63636398,6.783344746,85.52500153,157
2/8/2003,32.54545593,9.20129776,83.07499695,192
2/9/2003,34.63636398,7.681726456,88.40000153,161
2/10/2003,14.54545498,5.784592152,85.9750061,176
2/11/2003,14.18181801,5.834092617,91.72499847,157
2/12/2003,7.272727489,6.068861961,93.80000305,167
2/13/2003,14.45454502,2.245091677,63.79999924,167
2/14/2003,8.545454979,1.160514832,72.75,177
2/15/2003,25,1.210724711,75.8476944,161
2/16/2003,26.72727203,2.030890942,65.81754303,168
2/17/2003,26.63636398,1.674256921,69.55000305,163
2/18/2003,8.545454979,1.018582344,62.91838074,200
2/19/2003,8.363636017,1.389432549,56.45262146,180
2/20/2003,10.27272701,4.949803829,68.125,191
2/21/2003,8.640566826,6.470046997,67.72499847,163
2/22/2003,5.713038445,4.849207878,69.20000458,199
2/23/2003,25.25021744,7.646997452,73.44999695,164
2/24/2003,13.05287647,9.038275719,74,163
2/25/2003,15.13353348,8.10270977,56.59999847,173
2/26/2003,12.6477499,9.801095009,57,152
2/27/2003,22.53475189,10.06530285,60.09999847,177
2/28/2003,40.08797836,9.080005646,89.25,184
3/1/2003,36.2517395,8.181207657,89.65000153,153
3/2/2003,31.28150749,8.138598442,69,192
3/3/2003,20.38083649,5.68540287,70.69999695,183
3/4/2003,34.10757065,9.77212429,82.97499847,162
3/5/2003,34.03966522,10.4359808,74.34999847,163
3/6/2003,26.38176727,7.710549831,66.97499847,167
3/7/2003,45.74433899,7.52498436,85.22499847,151
3/8/2003,63.45454407,8.109697342,76.25,163
3/9/2003,76.09091187,10.69932556,68.02500153,176
3/10/2003,56.54545593,10.2357502,73.15000153,179
3/11/2003,51.81818008,10.20036221,68.92500305,158
3/12/2003,44.27272797,7.225316525,73.32499695,184
3/13/2003,57.72727203,6.639889717,59.02500153,148
3/14/2003,34,6.333245754,48.75,170
3/15/2003,25.39037514,6.418832302,56,161
3/16/2003,19.7232132,7.846549034,50.77500153,144
3/17/2003,21.15841675,8.117267609,52.54999924,158
3/18/2003,47.59362793,7.874027252,60.625,138
3/19/2003,10.54545498,7.882236004,63.15000153,191
3/20/2003,19,8.232480049,51.17499924,184
3/21/2003,17.09090996,6.604307175,71.625,160
3/22/2003,16.54545403,6.976343632,61.90000153,155
3/23/2003,31.63636398,10.12272358,47.54999924,163
3/24/2003,49.54545593,11.82115364,60.52500153,177
3/25/2003,28.27272797,11.27840996,64.19999695,190
3/26/2003,23.36363602,10.94276047,60.92499924,177
3/27/2003,26.54545403,10.7713871,51.52500153,169
3/28/2003,25.09090996,9.108553886,73.5,167
3/29/2003,9.181818008,11.29186249,66.22499847,137
3/30/2003,38.72727203,11.61285019,52.625,146
3/31/2003,39.55269623,8.573560715,44.02668762,171
4/1/2003,43.87638855,7.838785172,79.18374634,175
4/2/2003,46.9078064,7.709984779,54.35504913,156
4/3/2003,32.36363602,7.73886013,51.57500076,167
4/4/2003,31.81818199,12.54088402,57.70000076,165
4/5/2003,58.09090805,11.74120522,45.32500076,135
4/6/2003,55,8.145507813,65,143
4/7/2003,41.92180634,5.063027859,46.77500153,162
4/8/2003,34.8325119,4.050600529,43.42499924,168
4/9/2003,33.81818008,3.614665508,54.65000153,158
4/10/2003,36.3239975,3.99265027,73.05000305,189
4/11/2003,22.48526573,4.557487965,61.125,179
4/12/2003,35.05506516,7.347164631,46.52500153,177
4/13/2003,40.19482422,11.26380157,50.29999924,156
4/14/2003,16.33242989,14.45975494,49.875,165
4/15/2003,19.7885437,16.62955093,43.07500076,165
4/16/2003,39.89606857,16.99360085,34.70000076,168
4/17/2003,54.45454407,15.44394302,38.80000305,154
4/18/2003,85,14.82985783,37.42499924,160
4/19/2003,74.72727203,8.130929947,60.625,143
4/20/2003,73.63636017,10.3570118,58.82500076,146
4/21/2003,64.36363983,12.24038792,60.52500153,155
4/22/2003,55.09090805,11.4925642,54.07499695,149
4/23/2003,48.73524857,11.9628067,39.72499847,186
4/24/2003,38.36034393,10.84970188,70.59999847,181
4/25/2003,35.06514359,14.01073074,62.70000076,172
4/26/2003,59.16428375,12.17624092,66.80000305,151
4/27/2003,88.1818161,13.00410938,57.47499847,155
4/28/2003,52.72727203,12.32648468,89.30000305,169
4/29/2003,68,12.74722099,61.19999695,151
4/30/2003,62.27272797,13.0897541,62.5,136
5/1/2003,66.23186493,12.26249981,68.69999695,143
5/2/2003,52.54545593,11.75,72.52500153,154
5/3/2003,64.8181839,11.80624962,62.02500153,150
5/4/2003,68.90908813,15.25624943,43.625,157
5/5/2003,75.1818161,14.03749943,51.67499924,149
5/6/2003,35.72727203,11.26875019,46.20000076,148
5/7/2003,45.81818008,12.63749981,43.07500076,132
5/8/2003,34.63636398,11.50625038,61.65000153,142
5/9/2003,41.09090805,12.92500019,50.59999847,142
5/10/2003,53.90909195,10.56875038,57.75,132
5/11/2003,53.45454407,10.68124962,68.22499847,146
5/12/2003,51.45454407,10.55000019,74.52500153,156
5/13/2003,37.18181992,8.550000191,60.42500305,148
5/14/2003,39,10.13124943,50.90000153,167
5/15/2003,38.45454407,10.23750019,47.04999924,159
5/16/2003,43.63636398,10.54374981,85.66036224,151
5/17/2003,51.72727203,13.10000038,86.55000305,143
5/18/2003,65.8181839,13.41250038,72.625,128
5/19/2003,58.6586113,12.90625,65.94999695,148
5/20/2003,60.86321259,11.27499962,65.07499695,135
5/21/2003,44.80849457,13.26249981,66.52500153,154
5/22/2003,36.24515152,15.55624962,77.80000305,152
5/23/2003,60.486866,14.58749962,64.67500305,154
5/24/2003,54.22388458,13.35624981,56.97499847,151
5/25/2003,56.46084595,13.52499962,56.07500076,153
5/26/2003,49.19145203,13.48750019,51.59999847,129
5/27/2003,33.91880035,14.22500038,73.75,159
5/28/2003,48.36914063,17.48749924,50.27500153,154
5/29/2003,61.44988251,17.91250038,52.07500076,143
5/30/2003,67.88148499,19.04375076,47.625,141
5/31/2003,74.87090302,20.85625076,49.95000076,149
6/1/2003,57.77563858,18.60625076,74.84999847,172
6/2/2003,48.77854919,18.01250076,66.40000153,158
6/3/2003,38.37182617,16.06875038,58.625,163
6/4/2003,36.60944748,17.25625038,70.15000153,134
6/5/2003,57.44604492,15.83749962,54.59999847,121
6/6/2003,42.48974228,15.07499981,73.94999695,136
6/7/2003,50.47729492,18.61874962,68.67500305,159
6/8/2003,53.52807236,16.51250076,75.625,133
6/9/2003,56.14660263,15.35000038,50.42499924,135
6/10/2003,51.09090805,18.26874924,67.15000153,147
6/11/2003,59.44262695,17.16250038,56.40000153,120
6/12/2003,47.45454407,17.22500038,49.77500153,132
6/13/2003,48.18181992,16.63750076,42.15000153,135
6/14/2003,73.54545593,19.45624924,41.22499847,140
6/15/2003,91.72393036,18.39374924,40.02500153,133
6/16/2003,100.4127502,20.58749962,46.15000153,142
6/17/2003,52.68213272,19.43124962,63.77500153,136
6/18/2003,41,17.05624962,63.52500153,148
6/19/2003,32.16029358,19.71875,66.25,128
6/20/2003,50.85120392,16.85000038,45.15000153,130
6/21/2003,68.81282043,17.50625038,42.54999924,141
6/22/2003,56.2859726,20.02499962,69,145
6/23/2003,45.07772446,19.48749924,65.42500305,164
6/24/2003,52.80316544,16.75625038,46.34999847,137
6/25/2003,48.95015335,17.21875,56.04999924,142
6/26/2003,51.14985657,19.11249924,60.45000076,148
6/27/2003,38.10076904,18.48125076,66.15000153,148
6/28/2003,48.18181992,16.85000038,54.59999847,144
6/29/2003,67.90908813,18.02499962,45.375,147
6/30/2003,45.83174515,17.51250076,81.32499695,143
7/1/2003,45.36363602,16.40625,70.77500153,127
7/2/2003,35,16.93124962,70.1000061,132
7/3/2003,24.18181801,16.08124924,70.84999847,129
7/4/2003,41.27272797,16.30624962,57.67499924,132
7/5/2003,39.63636398,15.21875,63.27500153,145
7/6/2003,45,18.625,54.32500076,143
7/7/2003,35.61090851,16.98749924,51.92499924,134
7/8/2003,22.62090492,18.4375,69.02500153,132
7/9/2003,32.00746536,21.35000038,53.09999847,156
7/10/2003,65.35509491,22.08124924,51.34999847,164
7/11/2003,47.64614868,19.17499924,48.20000076,160
7/12/2003,66.63636017,19.29375076,41.25,132
7/13/2003,66.27272797,20.58749962,31.22500038,124
7/14/2003,64.90908813,22.1875,42.625,145
7/15/2003,85.36363983,24.25625038,37.22499847,159
7/16/2003,57.76079178,21.35000038,73.02500153,177
7/17/2003,43.73739243,18.26874924,80.42500305,154
7/18/2003,41.45454407,20.15625,58.875,156
7/19/2003,42.27272797,21.72500038,48.09999847,153
7/20/2003,45,19.33124924,50.54999924,127
7/21/2003,49.27272797,19.125,51.90000153,137
7/22/2003,49.81818008,18.95000076,57.72499847,127
7/23/2003,51.63734818,19.06875038,55.65000153,134
7/24/2003,39.6116066,18.85000038,57.84999847,131
7/25/2003,36.18181992,17.77499962,85.94999695,129
7/26/2003,30.54545403,16.17499924,64.47499847,124
7/27/2003,42.81818008,18.72500038,60.77500153,126
7/28/2003,41.90909195,17.14999962,62.95000076,146
7/29/2003,32.90909195,18.36249924,76.52500153,132
7/30/2003,30.63636398,19.82500076,64.94999695,141
7/31/2003,36,18.46249962,66.44999695,141
8/1/2003,37.27272797,16.77499962,84.57499695,141
8/2/2003,46.09090805,18.50625038,49.34999847,149
8/3/2003,53.09090805,20.65625,41.42499924,127
8/4/2003,47.63636398,23.08749962,49.67499924,138
8/5/2003,64.09091187,24.48125076,49.52500153,164
8/6/2003,89,27.44375038,41.67499924,200
8/7/2003,79.63636017,23.4375,58,163
8/8/2003,81.8181839,23.96249962,56.90000153,183
8/9/2003,88.07333374,26.27499962,46.5,191
8/10/2003,93.79476929,28.17499924,31.42499924,280
8/11/2003,119.2457123,26.52499962,54.59999847,275
8/12/2003,90.2442627,24.21249962,60.75,254
8/13/2003,54.11605835,22.69375038,43.42499924,236
8/14/2003,50.1041832,20.11249924,38.95000076,166
8/15/2003,44.59474945,18.22500038,43.04999924,158
8/16/2003,48.39430618,18.66250038,52.97499847,157
8/17/2003,51.77984619,20.25,52.72499847,143
8/18/2003,39.12055206,20.53125,63.17499924,166
8/19/2003,35.33525848,16.95624924,48.92499924,134
8/20/2003,35.34414291,16.60625076,44.77500153,142
8/21/2003,39.61203003,17.92499924,52.25,153
8/22/2003,30.24098969,21.22500038,65.02500153,171
8/23/2003,24.46567154,22.03750038,62.625,124
8/24/2003,40.62824249,21.47500038,62.85000229,156
8/25/2003,55.21325302,17.75,62,124
8/26/2003,45.29322815,18.73749924,60.77500153,149
8/27/2003,46.30177307,19.34375,62.20000076,142
8/28/2003,32.3754921,16.10000038,63,126
8/29/2003,39.12464905,15.40000057,68.82500458,118
8/30/2003,36.4276619,13.8125,49.82500076,136
8/31/2003,34.942379,13.91874981,47.47499847,139
9/1/2003,35.84009552,15.11250019,47.625,131
9/2/2003,17.88966179,14.89999962,51.25,153
9/3/2003,19.56787109,17.29375076,48.59999847,148
9/4/2003,30.10946846,16.97500038,49.40000153,157
9/5/2003,43.68451309,18.8125,47.75,150
9/6/2003,47.11476135,17.17499924,66.19999695,137
9/7/2003,25.96150017,13.76249981,58.32500076,137
9/8/2003,24.75198174,15.75,56.59999847,138
9/9/2003,32.14049911,15.98124981,50.90000153,147
9/10/2003,28.63840675,16.55624962,80.84999847,161
9/11/2003,10.88373947,13.44999981,76.02500153,120
9/12/2003,26.7599926,16.125,56.07500076,133
9/13/2003,31.45454597,16.66875076,51.375,134
9/14/2003,36.18181992,17.91250038,45.17499924,141
9/15/2003,32.1115799,18,45.375,142
9/16/2003,38.72066879,18.89374924,45,150
9/17/2003,64.36363983,18.85000038,43.47499847,134
9/18/2003,62.27272797,16.51874924,68.125,144
9/19/2003,47.45454407,17.46249962,65.67500305,151
9/20/2003,51.36363602,18.70000076,59.65000153,118
9/21/2003,57.36363602,19.60625076,61.15000153,145
9/22/2003,40.36363602,16.83749962,79.44999695,143
9/23/2003,25.27272797,10.79374981,53.14999771,139
9/24/2003,15.27272701,10.1875,57.60000229,129
9/25/2003,18.90909004,12.41250038,55.22499847,138
9/26/2003,23.72727203,13.21875,62.97499847,138
9/27/2003,28.09090996,13.30625057,61.70000076,130
9/28/2003,24.63636398,12.03125,70.75,143
9/29/2003,25.36363602,11.47499943,55.79999924,152
9/30/2003,26.72727203,14.35000038,52.92499924,143
10/1/2003,25.27272797,14.17500019,68.82499695,155
10/2/2003,9.818181992,14.71875,86.22499847,152
10/3/2003,17.09090996,15.14375019,77.09999847,148
10/4/2003,38.54545593,10.75,64.34999847,144
10/5/2003,41.14965439,7.987500191,44.65000153,137
10/6/2003,48.09090805,11.18124962,57.57500076,141
10/7/2003,49,11.5625,52.5,160
10/8/2003,24.18181801,12.55625057,71.125,145
10/9/2003,29.54545403,14.6875,61.25,169
10/10/2003,25.09090996,15.55000019,73.22499847,162
10/11/2003,17.09090996,12.48750019,62.04999924,152
10/12/2003,27.81818199,11.75625038,60.625,147
10/13/2003,15.81818199,13.39999962,66.125,170
10/14/2003,13.36363602,12.93124962,57.59999847,147
10/15/2003,17.97830582,10.98750019,51.27500153,125
10/16/2003,16.72727203,10.61250019,57.65000153,149
10/17/2003,14.63636398,10.02499962,59.52500153,159
10/18/2003,15,9.899999619,65,160
10/19/2003,48.63636398,9.40625,62.875,144
10/20/2003,42.36363602,8.6875,52.95000076,153
10/21/2003,15.2915926,5.96875,66.05000305,141
10/22/2003,17.15180969,6.03125,82.22499847,160
10/23/2003,27.05285454,7.318749905,54.29999924,146
10/24/2003,10.29527378,5.125,65.47499847,167
10/25/2003,17.43986893,5.168749809,66.52500153,171
10/26/2003,29.51542854,7.4375,70.30000305,163
10/27/2003,9.600437164,6.193749905,65.55000305,159
10/28/2003,14.39054585,5.868750095,67.22499847,172
10/29/2003,20.76824951,7.293749809,85.44999695,146
10/30/2003,19.58675957,6.693749905,82.97499847,166
10/31/2003,14.40265083,9.806249619,82.02500153,191
11/1/2003,21.76118088,9.106249809,70.82499695,139
11/2/2003,48.09392929,10.01875019,84.57499695,190
11/3/2003,39.35605621,11.47500038,63.75,166
11/4/2003,18.35179329,9.975000381,78.625,173
11/5/2003,20.11706161,12.33749962,68.59999847,163
11/6/2003,4.216801643,12.94999981,78.25112915,165
11/7/2003,6.051681519,10.21249962,64.34999847,154
11/8/2003,12.29244804,8.46875,66.375,154
11/9/2003,3.144192219,7.287499905,91.05000305,145
11/10/2003,3.827636003,10.84999943,82.67500305,176
11/11/2003,4.130879402,9.418749809,91.65000153,167
11/12/2003,15.62290001,11.04374981,81.94999695,166
11/13/2003,26.1836586,9.28125,84.47499847,162
11/14/2003,55.01934052,11.42500019,62.80000305,177
11/15/2003,31.32395744,10.60624981,71.77500153,174
11/16/2003,20.58436584,7.46875,72.90000153,167
11/17/2003,17.12652397,7.9375,88.625,169
11/18/2003,28.20013428,12.48124981,81.5,131
11/19/2003,29.08127785,13.18124962,82.59999847,156
11/20/2003,24.77184868,11.73124981,84.80000305,145
11/21/2003,8.427980423,9.856249809,92.09999847,174
11/22/2003,13.53840542,8.300000191,94.125,172
11/23/2003,40.4863739,6.818749905,92.19999695,141
11/24/2003,18.43339348,7.256249905,84.55000305,122
11/25/2003,22.02475357,7.118750095,85.27500153,159
11/26/2003,36.43917084,8.725000381,77.27500153,174
11/27/2003,2.849583149,5.037499905,81.40000153,159
11/28/2003,11.7415657,5.40625,78.09999847,166
11/29/2003,27.02257347,8.1875,88.19999695,159
11/30/2003,11.84115505,8.0625,88.19999695,174
12/1/2003,10.77996063,8.868749619,90.67500305,164
12/2/2003,7.843799591,8.275000572,86.625,152
12/3/2003,2.852403164,8.0625,94.22499847,183
12/4/2003,28.2382431,8.1875,80.625,173
12/5/2003,19.34965706,7.506249905,80.57499695,150
12/6/2003,31.66655159,5.787499905,77.57499695,176
12/7/2003,27.5410862,3.668750048,60.07500076,160
12/8/2003,4.417537212,3.081250191,79.77500153,161
12/9/2003,2.946589947,5.631249905,81.57500458,156
12/10/2003,3.53140831,4.324999809,94.90000153,153
12/11/2003,16.35441017,6.931250095,92.02500153,155
12/12/2003,16.45454597,7.925000191,89.84999847,153
12/13/2003,43.90909195,10.69375038,91.375,170
12/14/2003,49.90909195,7.893750191,67.57499695,181
12/15/2003,12.81818199,3.912499905,66.40000153,169
12/16/2003,2.727272749,1.762500048,77.15000153,165
12/17/2003,4.090909004,4.381249905,74,164
12/18/2003,3.545454502,4.649999619,81.27500153,176
12/19/2003,2.272727251,5.181250095,84.84999847,180
12/20/2003,26.36363602,8.637499809,85.875,177
12/21/2003,45.45454407,5.337500095,67.34999847,135
12/22/2003,21.36363602,2.15625,75.55184937,165
12/23/2003,9.181818008,5.006249905,93.07499695,158
12/24/2003,26.45454597,8.399999619,83.09999847,200
12/25/2003,60.27272797,10.125,80.55000305,200
12/26/2003,56.09090805,9.84375,89.82499695,186
12/27/2003,46.63636398,5.681250095,79.125,166
12/28/2003,39.81818008,3.849999905,73.07499695,164
12/29/2003,10.72727299,2.418750048,92.59999847,183
12/30/2003,2.636363745,3.118749857,93.80000305,193
12/31/2003,7.909090996,2.556250095,93.15000153,194
1/1/2004,37.18181992,4.443749905,89.5249939,208
1/2/2004,16.63636398,3.75,81.72499847,172
1/3/2004,5,1.118749976,80.9750061,177
1/4/2004,4.454545498,4.693749905,89.97499847,215
1/5/2004,11.45454502,7.09375,93.375,208
1/6/2004,27.18181801,9.487500191,80.84999847,181
1/7/2004,28.63636398,8.087499619,78.75,192
1/8/2004,42.45454407,9.112500191,81.27500153,178
1/9/2004,33.18181992,7,72.97499847,175
1/10/2004,19.09090996,7.849999905,87.72499847,176
1/11/2004,53.54545593,8.899999619,76.09999847,192
1/12/2004,32.35440063,6.699999809,87.07499695,177
1/13/2004,50.29330826,7.787499905,63.67499924,179
1/14/2004,33.68850708,5.118750095,85.15000153,154
1/15/2004,37,5.0625,82.65000153,167
1/16/2004,41.09090805,6.106249809,63.09999847,163
1/17/2004,22.18181801,2.931250095,82.47499847,166
1/18/2004,25.36363602,3.3125,73.75,196
1/19/2004,33.18181992,6.412499905,75.625,191
1/20/2004,19.90909004,9.493749619,92.07499695,176
1/21/2004,17.45454597,8.34375,87.57499695,179
1/22/2004,21.09090996,7.131249905,84,165
1/23/2004,17.09090996,6.881249905,83.69999695,170
1/24/2004,24.18181801,6.443749905,74.72499847,158
1/25/2004,10.81818199,3.818749905,79.875,163
1/26/2004,15.96755791,3.043750048,79.59999847,160
1/27/2004,26.58428192,3.15625,72.09999847,172
1/28/2004,35.65323257,1.543750048,69.05802155,170
1/29/2004,22.75889397,0.700000048,72.46946716,167
1/30/2004,30.54545403,3.837500095,72.9455719,169
1/31/2004,58.90909195,8.518750191,87.25,164
2/1/2004,62.90909195,10.64375019,77.72499847,162
2/2/2004,51.81818008,11.86250019,83.90000153,196
2/3/2004,42.45454407,13.20625019,79.55000305,161
2/4/2004,44.27272797,14.19375038,69.82499695,155
2/5/2004,30.69585037,12.23124981,88.25,179
2/6/2004,41.188694,10.11874962,89.72499847,149
2/7/2004,55.10092926,7.856249809,65.40000153,165
2/8/2004,58.74972153,5.900000095,55.25,169
2/9/2004,15.15762329,1.881249905,64.42500305,146
2/10/2004,14.31722069,4.443749905,67.67500305,178
2/11/2004,20.86561966,8.34375,78.67500305,153
2/12/2004,12.04618931,9.03125,83.09999847,145
2/13/2004,5.782158375,8.393750191,71.94999695,158
2/14/2004,7.846354485,7.762500286,83.32499695,151
2/15/2004,29.30439186,6.90625,83.5,142
2/16/2004,19.61401749,6.025000095,72.75,160
2/17/2004,9.627051353,5.487500191,90.40000153,151
2/18/2004,40.00184631,5.768750191,80.05000305,136
2/19/2004,50.57792664,4.793749809,64.875,147
2/20/2004,27.32619858,1.9375,71.90000153,147
2/21/2004,21.01083946,3.181250095,77.42500305,150
2/22/2004,60.99952698,3.8125,67,150
2/23/2004,27.52593422,2.631249905,66.42243958,149
2/24/2004,15.04958534,1.6875,80.22499847,144
2/25/2004,23.85463715,1.5,57.52465057,147
2/26/2004,22.18021584,0.625,58.92834854,167
2/27/2004,18.60695457,0.337500036,73.46702576,175
2/28/2004,19.79632187,0.525000036,83.34562683,154
2/29/2004,37.02400208,2.331249952,72.92500305,145
3/1/2004,23.28461266,1.374999881,65.83578491,151
3/2/2004,17.32985115,2.40625,63.72499847,143
3/3/2004,28.10387611,4.568749905,67.07499695,175
3/4/2004,14.75212955,7.074999809,85.55000305,152
3/5/2004,7.42858696,7.03125,84.625,169
3/6/2004,17.42545891,6.400000095,78.75,146
3/7/2004,32.96486664,5.387499809,82.19999695,167
3/8/2004,48.59309006,5.206250191,66.875,157
3/9/2004,57.51176834,4.381249905,60.70000076,160
3/10/2004,44.82565689,2.637500048,72.27500153,164
3/11/2004,39.84130478,3.768749952,69.34999847,156
3/12/2004,18.74669266,3.487499952,87.59999847,164
3/13/2004,45.11968613,7.59375,72.92500305,149
3/14/2004,67.05831909,8.737500191,88.05000305,128
3/15/2004,55.27733994,10.73124981,79.30000305,178
3/16/2004,44.01301956,13.60000038,74.80000305,156
3/17/2004,21.33917236,10.38125038,80.69999695,151
3/18/2004,33.5826416,10.26875019,77.125,155
3/19/2004,58.86539459,9.787500381,79.40000153,141
3/20/2004,66.23580933,10.69999981,85.09999847,173
3/21/2004,75.63195801,9.243749619,56.59999847,143
3/22/2004,44.42241287,7.199999809,68.15000153,159
3/23/2004,37.47906113,5.856249809,73.09999847,146
3/24/2004,42.38953018,6.143750191,78.75,146
3/25/2004,21.06815338,4.756249905,73.90000153,165
3/26/2004,32.6502037,5.243749619,66.32499695,126
3/27/2004,10.30211258,6.637499809,85.44999695,149
3/28/2004,27.61271858,7.949999809,79.02500153,142
3/29/2004,19.58306313,9.831250191,65.72499847,147
3/30/2004,41.5639267,9.699999809,51.75,143
3/31/2004,23.383461,12.08749962,49.15000153,176
4/1/2004,42.09090805,12.9375,69.125,142
4/2/2004,51.45454407,12.39999962,70.59999847,150
4/3/2004,64.45454407,10.5,81.15000153,153
4/4/2004,70.09091187,9.793749809,60.17499924,131
4/5/2004,53.90909195,8.856249809,65.29999542,154
4/6/2004,50.09090805,6.918749809,74.32499695,143
4/7/2004,29.72727203,6.962500095,59.04999924,135
4/8/2004,34.22396851,6.381249905,66.69999695,141
4/9/2004,42.51970673,7.256249905,65.375,151
4/10/2004,29.25166512,8.125,83.44999695,151
4/11/2004,27.20707893,6.4375,63.82500076,158
4/12/2004,17.90909004,9.643750191,60.90000153,131
4/13/2004,21.36363602,10.83749962,66.07499695,141
4/14/2004,28,10.44999981,59.02500153,157
4/15/2004,35.06521988,10.23750019,49.375,144
4/16/2004,48.40329361,13.09375,43.54999924,152
4/17/2004,55.45454407,10.6875,58.84999847,158
4/18/2004,64.45454407,8.168749809,90.67500305,128
4/19/2004,40.63636398,8.074999809,71.875,166
4/20/2004,39.63636398,7.90625,59.05000305,156
4/21/2004,40.36363602,12.375,81.42500305,143
4/22/2004,38.81818008,11.19375038,61.79999924,133
4/23/2004,32.63636398,12.23750019,45.15000153,157
4/24/2004,47.54545593,14.78750038,47.20000076,133
4/25/2004,39.81818008,15.02499962,55.34999847,147
4/26/2004,32.81818008,14.10000038,47.67499924,143
4/27/2004,36.81818008,14.08749962,65.67500305,150
4/28/2004,35.81818008,12.35000038,85.30000305,136
4/29/2004,54.36363602,8.418749809,88.25,126
4/30/2004,49.18181992,10.11250019,88.75,143
5/1/2004,37.81818008,11.14375019,88.07499695,128
5/2/2004,47.18181992,13.01875019,64.84999847,121
5/3/2004,35.72727203,11.14375019,84.65000153,145
5/4/2004,50.90909195,8.756250381,87.15000153,131
5/5/2004,45.54545593,9.087499619,70.57499695,166
5/6/2004,31.45454597,10.82499981,65.09999847,145
5/7/2004,34.09090805,11.46249962,54.75,153
5/8/2004,33.90909195,10.84375,89.55000305,133
5/9/2004,50,12.73750019,80.67500305,153
5/10/2004,49.36363602,15.23750019,72.34999847,140
5/11/2004,33.54545593,12.53125,79.07500458,152
5/12/2004,51.63636398,10.61250019,72.69999695,143
5/13/2004,40.72727203,12.29374981,52.20000076,153
5/14/2004,30.18181801,14.51249981,54.82500076,132
5/15/2004,30,16.33124924,56.45000076,135
5/16/2004,36.09090805,17.1875,52.42499924,156
5/17/2004,46.09090805,16.60625076,50.07500076,155
5/18/2004,47.36363602,17.53750038,51.45000076,140
5/19/2004,39.63636398,17.46875,50.89999771,129
5/20/2004,31.63636398,17.25625038,59.04999924,151
5/21/2004,42.27272797,12.5,67,135
5/22/2004,53.54545593,10.17500019,43.82500076,132
5/23/2004,52.27272797,11.73750019,44.57500076,132
5/24/2004,42.45454407,13.69999981,42.75,145
5/25/2004,43.81818008,14.85624981,48.02500153,143
5/26/2004,37.72727203,14.35624981,60,138
5/27/2004,40.09090805,13.3125,66.97499847,138
5/28/2004,52,13.59375,47.75,153
5/29/2004,54.54545593,16.77499962,61.22499847,134
5/30/2004,46.54545593,15.40625,59.22499847,132
5/31/2004,51.54545593,14.60000038,52.65000153,117
6/1/2004,22.81818199,14.21875,89.05000305,133
6/2/2004,45.90909195,15.55624962,67.75,135
6/3/2004,42.81818008,15.19999981,59.97499847,148
6/4/2004,34.36363602,18.79375076,66.67500305,144
6/5/2004,20.54545403,17.49374962,66.5,130
6/6/2004,31,18.75,65.05000305,122
6/7/2004,52.48786545,20.375,51.45000076,173
6/8/2004,64.73483276,22.58124924,50.75,159
6/9/2004,50.54545593,18.91875076,60.07500076,135
6/10/2004,37.27272797,18.92499924,65.94999695,159
6/11/2004,49.72727203,17.08124924,48.95000076,138
6/12/2004,46,16.29999924,55.20000076,127
6/13/2004,57.36363602,17.8125,50.72499847,152
6/14/2004,40.09090805,21.46875,58.625,138
6/15/2004,40.29661179,20.76250076,50.92499924,138
6/16/2004,45.08022308,19.29999924,52.29999924,131
6/17/2004,45.85832596,17.38125038,56.125,134
6/18/2004,44.18181992,15.38124943,59.17499924,135
6/19/2004,41.27272797,12.46875,50.92499924,136
6/20/2004,39.90909195,11.875,58.47499847,108
6/21/2004,33.09090805,12.83125019,60.67500305,145
6/22/2004,37.72727203,14.11250019,60.02500153,121
6/23/2004,57.85700989,14.85000038,83.42500305,149
6/24/2004,55.75503922,15.11250019,47.77500153,125
6/25/2004,43.05172729,15.23124981,49.32500076,157
6/26/2004,38.30290604,14.44375038,63.09999847,132
6/27/2004,45,18.35625076,55.70000076,138
6/28/2004,37.81818008,15.21875,52.75,155
6/29/2004,39.7231636,16.89374924,55.09999847,129
6/30/2004,37.99293137,17.375,60.22499847,146
7/1/2004,43.30619812,15.29374981,56.59999847,122
7/2/2004,36.88069916,15.28750038,73.72499847,108
7/3/2004,43.82404709,15.57499981,58.47499847,120
7/4/2004,37.50487518,14.88749981,62.54127502,141
7/5/2004,34.44454956,15.25624943,46.75,130
7/6/2004,31.36839294,16.86249924,42.02500153,134
7/7/2004,48.03863525,16.75,62.77500153,112
7/8/2004,37.91013718,15.33125019,72.67500305,137
7/9/2004,35.61351013,14.68125057,60.375,157
7/10/2004,35.81818008,14.05000019,63.24478149,134
7/11/2004,39.18181992,14.59999943,67.5,142
7/12/2004,28.27272797,15.11874962,65.40000153,149
7/13/2004,35.72727203,15.11875057,45.02500153,140
7/14/2004,23.90909004,17.48125076,84.32499695,149
7/15/2004,16.63636398,19.45624924,75.02500153,136
7/16/2004,15.72727299,19.79999924,75.69999695,140
7/17/2004,25.81818199,19.76250076,67.125,133
7/18/2004,36,18.76875114,69.97499847,132
7/19/2004,33.38481903,16.41250038,48.70000076,137
7/20/2004,32.5099411,18.14375114,65.875,127
7/21/2004,41.61051941,19.38125038,69.875,116
7/22/2004,39,20.58124924,62.92500305,140
7/23/2004,44.36363602,19.85000038,51.40000153,146
7/24/2004,47.18181992,18.32500076,52.15000153,137
7/25/2004,50.45454407,17.76250076,57.67499924,120
7/26/2004,24.09090996,18.57500076,70.22499847,145
7/27/2004,34.36363602,18.68124962,53.625,135
7/28/2004,57.83629608,20.35625076,48.27500153,124
7/29/2004,73.90908813,22.07500076,40.92499924,140
7/30/2004,44.26414871,21.00625038,54.34999847,154
7/31/2004,62.06373596,21.17499924,45.54999924,144
8/1/2004,78.86281586,21.11250114,59.32500076,135
8/2/2004,73.68996429,21.5,60.34999847,127
8/3/2004,48.94131088,22.88125038,74.75,147
8/4/2004,41.23822403,21.83124924,54.45000076,147
8/5/2004,30.35096931,22.80000114,74.34999847,139
8/6/2004,39.59690857,21.61874962,57.07500076,146
8/7/2004,54.63636398,22.46875,42.15000153,121
8/8/2004,79.45454407,24.21875,49.875,131
8/9/2004,26,21.73125076,78.5,150
8/10/2004,26.81818199,21.71875,72.97499847,145
8/11/2004,43.09647369,20.13750076,64.65000153,130
8/12/2004,47.64566422,20.53125,78.34999847,126
8/13/2004,41.18332291,18.73125076,74.07499695,124
8/14/2004,50.23187637,19.89999962,64.47499847,127
8/15/2004,35.45547867,19.375,73.75,110
8/16/2004,39.01688385,18.57500076,73.05000305,120
8/17/2004,48.91149521,19.09375,64.67500305,118
8/18/2004,47.93926239,19.69375038,68.55000305,133
8/19/2004,49.62597656,18.33749962,69.875,152
8/20/2004,44.65180206,17.46249962,70.27500153,131
8/21/2004,32.4882164,15.45625019,54.21223068,126
8/22/2004,42.88035965,16.95624924,56.0440712,118
8/23/2004,41.43291855,17.51874924,85.00681305,115
8/24/2004,41.43994141,18.08124924,75.82499695,124
8/25/2004,28.68576813,17.05624962,69.32499695,118
8/26/2004,42.86348724,17.03750038,62.29999924,124
8/27/2004,25.41600609,17.27499962,88.27500153,143
8/28/2004,28.36363602,15.45625019,58.29999924,129
8/29/2004,42.36363602,15.19375038,72.15000153,126
8/30/2004,42.54545593,15.74375057,57.52500153,133
8/31/2004,22.74349403,14.76249981,64.90000153,119
9/1/2004,32.20419693,15.36874962,57.90000153,145
9/2/2004,44.36363602,18.21875,55.82500076,119
9/3/2004,41.72727203,19.24374962,53.40000153,154
9/4/2004,29.72727203,19.64999962,60.29999924,152
9/5/2004,53.90909195,21.10000038,50.75,144
9/6/2004,58.72727203,19.71875,62.5,140
9/7/2004,59.08026505,20.09375,67.625,126
9/8/2004,49.1240654,18.125,53.97499847,122
9/9/2004,26.73589134,19.89374924,54.875,144
9/10/2004,35.56586075,17.77499962,82.875,132
9/11/2004,68.92124939,18.46249962,61.04999924,133
9/12/2004,49.32202911,14.43124962,60.34999847,117
9/13/2004,46.51270676,16.03750038,74.42500305,121
9/14/2004,42.7347641,14.73124981,67.44484711,142
9/15/2004,28.91943741,13.58125019,57.27500153,129
9/16/2004,34.57302475,12.24374962,57.875,146
9/17/2004,53.05288696,15.68124962,76.44999695,135
9/18/2004,43.33401489,17.29375076,79.34999847,142
9/19/2004,40.44774628,12.86250019,67.59999847,125
9/20/2004,53.58985901,16.125,68.22499847,129
9/21/2004,52.24058914,13.1875,56.82500076,122
9/22/2004,33.9634285,14.88749981,76.59999847,156
9/23/2004,29.12383842,17.02499962,65.59999847,150
9/24/2004,21.06675339,11.38749981,54.75,112
9/25/2004,7.94397068,9.962499619,83.375,120
9/26/2004,14.40261078,14.71250057,78.27500153,139
9/27/2004,8.73489666,16.47500038,80.625,128
9/28/2004,17.07296753,16.11249924,71.22499847,142
9/29/2004,11.42461014,14.54374981,80.67500305,146
9/30/2004,9.431416512,16.26250076,82.05000305,135
10/1/2004,17.67050743,12.91874981,75.75,135
10/2/2004,39.54598999,13.26249981,70.55000305,125
10/3/2004,37.36349487,12.625,84.52500153,123
10/4/2004,36.36982727,14.09358597,67.65000153,143
10/5/2004,31.17888641,12.03125,65.375,146
10/6/2004,32.61412048,11.91874981,65.52500153,143
10/7/2004,18.73168755,11.0625,62,120
10/8/2004,17.57427025,10.97500038,66.57499695,143
10/9/2004,45.6083374,10.91874981,60.34999847,138
10/10/2004,44.81450272,12.18124962,60.5,131
10/11/2004,17.38080406,11.05000019,67.59999847,184
10/12/2004,6.454545498,12.00625038,88.57499695,162
10/13/2004,16.43002701,12.44999981,88.5,141
10/14/2004,18.45593262,11.11250019,78.55000305,132
10/15/2004,7,8.975000381,87.30000305,154
10/16/2004,9.818181992,9.175000191,86.09999847,141
10/17/2004,13.090909,9.168749809,81.17500305,133
10/18/2004,11.40956116,10.5,69.72499847,137
10/19/2004,10.31226254,9.268750191,82.05000305,140
10/20/2004,19.4721508,13.78125,87.2749939,152
10/21/2004,53.61818695,11.90000057,62.34999847,121
10/22/2004,52.14047241,13.36874962,71.125,140
10/23/2004,51.95423508,14.92500019,88.30000305,135
10/24/2004,57.79710388,15.13125038,78.40000153,157
10/25/2004,46.6057663,12.10000038,65.92500305,126
10/26/2004,15.49808407,10.11250019,68.72499847,143
10/27/2004,15.22290134,9.475000381,79.09999847,152
10/28/2004,37.16521072,12.96875,71.84999847,157
10/29/2004,32.25112915,12.80624962,75.07499695,137
10/30/2004,9.181818008,13.21875,77.2250061,143
10/31/2004,18.09090996,11.38749981,80.22499847,157
11/1/2004,18.36363602,10.01249981,79.34999847,143
11/2/2004,8.818181992,10.69999981,88.47499847,135
11/3/2004,10.18181801,12.0625,78.27500153,156
11/4/2004,14.81818199,10.6875,74.02500153,133
11/5/2004,8.701805115,7.849999905,71.72499847,151
11/6/2004,7.42414856,9.537500381,86.92500305,152
11/7/2004,14.65459538,10.96875,88.59999847,151
11/8/2004,19.58737373,10.69999981,91.57499695,170
11/9/2004,14.55645561,9.03125,84.69999695,154
11/10/2004,21.81818199,7.59375,75.94999695,105
11/11/2004,15.090909,7.556249619,70.02500153,116
11/12/2004,17.72727203,10.29374981,88.57500458,146
11/13/2004,23,4.96875,55.17499924,166
11/14/2004,9.363636017,4.59375,69.47499847,129
11/15/2004,9.363636017,5.900000095,73.34999847,128
11/16/2004,10.090909,10.125,80.52500153,144
11/17/2004,35.90909195,11.96250057,77.30000305,157
11/18/2004,30.90909004,8.550000191,90.94999695,151
11/19/2004,13.47761726,3.074999809,71.09999847,140
11/20/2004,4.287449837,1.993750095,86.80000305,160
11/21/2004,10.9330225,6.793749809,93.79999542,153
11/22/2004,33.30266571,10.68124962,72.65000153,173
11/23/2004,9.92728138,10.94375038,82,151
11/24/2004,3.280346632,10.26249981,85.65000153,134
11/25/2004,5.80047369,9.53125,80.02500153,160
11/26/2004,16.16845131,9.649999619,87.05000305,160
11/27/2004,8.925070763,8.106249809,74.32499695,148
11/28/2004,29.70439339,7.056250095,89.09999847,149
11/29/2004,19.8369236,6.293749809,78.5,139
11/30/2004,4.818181992,5.743749619,74.97499847,142
12/1/2004,3.727272749,3.818749905,74.72499847,150
12/2/2004,2.090909004,4.03125,86.80000305,174
12/3/2004,2.181818247,3.825000048,92.40000153,128
12/4/2004,1.909090877,6.349999905,88.52500153,164
12/5/2004,8.272727013,8.418749809,87.25,118
12/6/2004,10.45454502,9.393750191,72.32499695,162
12/7/2004,2.727272749,6.306250095,87.19999695,167
12/8/2004,1.818181872,8.018750191,85.625,142
12/9/2004,2.636363745,5.46875,84.84999847,146
12/10/2004,3.090909004,4.768750191,78.52500153,167
12/11/2004,2.363636255,4.125,85.22499847,160
12/12/2004,2.363636255,4.768750191,86.5249939,156
12/13/2004,1.818181872,3.037499905,88.5,162
12/14/2004,12.18181801,6,85.92500305,175
12/15/2004,16.90909004,9.975000381,83.20000458,166
12/16/2004,27.72727203,9.462499619,80.90000153,184
12/17/2004,33.27272797,6.268750191,84.94999695,151
12/18/2004,19.81818199,4.606249809,75.80000305,180
12/19/2004,37,4.018750191,53.52500153,150
12/20/2004,14.45454502,2.025000095,68.90000153,163
12/21/2004,4.454545498,3.231250048,91.44999695,177
12/22/2004,19.90909004,6.46875,87.77500153,193
12/23/2004,45.90909195,10.66250038,72.57499695,172
12/24/2004,50.81818008,8.5625,80.17500305,175
12/25/2004,33.72727203,3.112499952,76.82499695,173
12/26/2004,9.818181992,0.275000006,81.25,156
12/27/2004,12.36363602,1.893750072,82.3500061,162
12/28/2004,42.81818008,3.75,69.77500153,165
12/29/2004,16.54545403,5.793749809,79.17500305,172
12/30/2004,25,9.175000191,72.42500305,176
12/31/2004,34.63636398,9.6875,81.77500153,177
1/1/2005,46.54545593,8.387499809,82.17500305,200
1/2/2005,45.63636398,5.856249809,62.40000153,158
1/3/2005,41.27272797,7.150000095,80.27500153,191
1/4/2005,47.81818008,8.637499809,76.05000305,181
1/5/2005,27.09090996,5.275000095,79.75,194
1/6/2005,34.36363602,8.037499428,82.90000153,174
1/7/2005,58.54545593,11.05624962,71.07499695,193
1/8/2005,55.27272797,8.762499809,56.79999924,174
1/9/2005,45.54545593,9.231249809,79.22499847,196
1/10/2005,35.45454407,10.23124981,87.22499847,161
1/11/2005,42.54545593,9.706250191,89.17500305,177
1/12/2005,41.35065079,7.849999905,63.97499847,174
1/13/2005,15.98804092,5.743750095,71.5,163
1/14/2005,12.62581062,4.887499809,70.92500305,195
1/15/2005,10.33738899,6.96875,79.77500153,167
1/16/2005,17.28153419,7.668749809,82.05000305,159
1/17/2005,46.4833374,7.487500191,82.27500153,163
1/18/2005,43.24714279,4.862499714,74.30000305,169
1/19/2005,27.85346031,6.887499809,72.55000305,161
1/20/2005,39.16542053,10.05624962,76.44999695,159
1/21/2005,39.46059799,7.643749714,59.67499924,165
1/22/2005,13.03551006,2.993750095,72.5,143
1/23/2005,31.83658409,3.275000095,64.97499847,146
1/24/2005,35.40655518,3.174999952,76.80000305,171
1/25/2005,29.3609314,3.568749905,72.59999847,170
1/26/2005,18.57650757,2.325000048,59.22499847,187
1/27/2005,37.36363602,4.181250095,84.30000305,162
1/28/2005,42.63636398,6.099999905,83.15000153,169
1/29/2005,33.18181992,5.612500191,84.67500305,162
1/30/2005,27.81818199,6.849999905,77.57499695,154
1/31/2005,21.94611359,6.037499905,81.07499695,174
2/1/2005,26.78460884,7.84375,84.05000305,166
2/2/2005,25.07373619,7.206250191,70.57499695,152
2/3/2005,3.272727251,6.731249809,87.05000305,181
2/4/2005,4.909090996,8.100000381,78.07499695,175
2/5/2005,18.54545403,6.28125,76.22499847,167
2/6/2005,17.54545403,7.056250095,79.82499695,162
2/7/2005,7.909090996,5.037499905,80.57499695,152
2/8/2005,5.363636494,5.662499905,83.92500305,171
2/9/2005,30.45454597,7,78.32499695,151
2/10/2005,45.72727203,9.625,85.02500153,152
2/11/2005,20.45454597,8.606249809,94.05000305,185
2/12/2005,59.09090805,9.875,69.40000153,170
2/13/2005,61.27272797,4.837500095,63.125,160
2/14/2005,45.27272797,4.337500095,53.29999924,179
2/15/2005,40.81818008,4.050000191,63.74493408,154
2/16/2005,26.72727203,3.181250095,62.875,156
2/17/2005,3.553616047,2.762500048,80.375,172
2/18/2005,19.75059891,6.268750191,83.82499695,170
2/19/2005,44.18181992,4.21875,52.80000305,184
2/20/2005,45,1.78125,73.67500305,166
2/21/2005,34.76299286,3.331249952,72.80000305,170
2/22/2005,38.90717697,1.943750024,71.55000305,170
2/23/2005,38.1800499,1.174999952,81.17500305,167
2/24/2005,30.82805061,1.5,90,164
2/25/2005,23.37251282,1.112499952,80.30000305,176
2/26/2005,34.75992966,2.356250048,87.65000153,175
2/27/2005,54.85894394,1.149999976,76.59999847,145
2/28/2005,23.6507206,-0.600000024,69.34999847,193
3/1/2005,28.80628967,2.650000095,87.15000153,182
3/2/2005,23.36363602,2.112499952,84.30000305,172
3/3/2005,48.36363602,1.318750024,65.5,173
3/4/2005,19.72727203,1.34375,84.73928833,195
3/5/2005,42.09090805,3.043750048,63.45000076,194
3/6/2005,60.55490494,1.262500048,66.42500305,164
3/7/2005,14.18301773,3.087500095,75.09999847,178
3/8/2005,20.09090996,5.637499809,68.69999695,189
3/9/2005,21.09090996,6.181250095,69.05000305,182
3/10/2005,7.454545498,6.525000095,73.84999847,160
3/11/2005,39.90909195,6.675000191,60.625,181
3/12/2005,47.81818008,5.318749905,53.90000153,147
3/13/2005,27.36363602,3.068749905,62.40000153,152
3/14/2005,29.27722168,5.224999905,61.82500076,183
3/15/2005,47.68582153,8.199999809,78.72499847,174
3/16/2005,60.51971436,13.95625019,67.40000153,166
3/17/2005,49.41492844,14.75,66.65000153,187
3/18/2005,32.54545593,14.14999962,62.92499924,163
3/19/2005,13.36363602,13.65697861,67.24474335,174
3/20/2005,9.363636017,11.13749981,82.8999939,143
3/21/2005,14,10.80000019,67.82499695,177
3/22/2005,41.27272797,12.55624962,81.17500305,162
3/23/2005,42.81818008,12.65625,66.875,146
3/24/2005,30.45454597,12.96249962,74.22499847,170
3/25/2005,39.45454407,12.05000019,67.40000153,160
3/26/2005,31,10.61875057,65.22499847,201
3/27/2005,42.36363602,8.868749619,82.65000153,146
3/28/2005,47.27272797,10.01875019,68.34999847,164
3/29/2005,24,7.993750095,92.27500153,161
3/30/2005,3.181818247,8.993749619,93.17500305,141
3/31/2005,3.636363745,9.475000381,89.47499847,152
4/1/2005,22.72727203,12.04374981,68.82499695,140
4/2/2005,27.72727203,13.13125038,41.97499847,131
4/3/2005,54.09090805,13.15625,55.22499847,165
4/4/2005,41.72727203,10.60000038,80.22499847,143
4/5/2005,53.72727203,8.225000381,57.77500153,141
4/6/2005,64.72727203,10.47500038,74.77500153,164
4/7/2005,56.36363602,9.643750191,67.09999847,154
4/8/2005,43.63636398,5.381249905,67.15000153,126
4/9/2005,53.72727203,4.693749905,51.59999847,138
4/10/2005,46.63636398,10.85624981,56.84999847,153
4/11/2005,28.09090996,11.1875,54.52500153,189
4/12/2005,26.63636398,9.868749619,71.80000305,156
4/13/2005,44.54545593,9.762499809,76.25,150
4/14/2005,46.72727203,9.193750381,74.82499695,126
4/15/2005,11.45454502,6.650000095,85.2250061,134
4/16/2005,25.63636398,6.25,69.59999847,161
4/17/2005,47.36363602,8.237500191,48.02500153,144
4/18/2005,48.72727203,11.33125019,57.47499847,152
4/19/2005,27.51139259,9.024999619,64.25,134
4/20/2005,30.26698303,7.962500095,67.22499847,134
4/21/2005,39.90909195,10.48124981,50.54999924,139
4/22/2005,35.45454407,10.94375038,42.92499924,138
4/23/2005,24.45454597,11.23750019,66.75,150
4/24/2005,53.09090805,10.75625038,64.25,140
4/25/2005,23.81818199,10.53750038,87.69999695,149
4/26/2005,49.09274292,11.26249981,70.25,145
4/27/2005,48.09688568,10.71875,70.125,164
4/28/2005,43.90909195,11.65625,69.27500153,141
4/29/2005,48.72727203,14.38749981,62.07500076,152
4/30/2005,31.81818199,17.11249924,75.27500153,167
5/1/2005,49.81818008,18.8125,57.02500153,163
5/2/2005,58.54545593,17.02499962,66.05000305,137
5/3/2005,56.56151199,14.44999981,63.375,145
5/4/2005,48.91323853,10.80000019,80.57499695,142
5/5/2005,39.89445877,10.61250019,63.82500076,148
5/6/2005,60.72727203,13.375,45.125,147
5/7/2005,64.72727203,11.95625019,49.52500153,136
5/8/2005,62.36363602,9.887499809,44.34999847,133
5/9/2005,46.45454407,8.449999809,55.84999847,134
5/10/2005,41.72727203,7.862499714,61.82500076,135
5/11/2005,48.63636398,7.4375,51.84999847,144
5/12/2005,63.54545593,8.837499619,49.24492645,166
5/13/2005,73.45454407,11.33749962,53.625,120
5/14/2005,69.27272797,10.41250038,55.07500076,143
5/15/2005,63.27272797,10.54374981,45.95000076,155
5/16/2005,41.45454407,11.39375019,68.34999847,155
5/17/2005,53.54545593,8.3125,44.625,123
5/18/2005,60.54545593,10,47.02500153,123
5/19/2005,40.72727203,11.91250038,84.65000153,139
5/20/2005,53,15.1875,73.77500153,121
5/21/2005,55.72727203,12.29374981,72.875,153
5/22/2005,75.91890717,12.86874962,59.44999695,129
5/23/2005,64.60569,12.07499981,49,128
5/24/2005,61.7615242,13.72500038,82.02500153,169
5/25/2005,44.72727203,16.16875076,70.30000305,145
5/26/2005,45.05221558,19.35000038,56.57499695,152
5/27/2005,78.28369904,21.64374924,45.02500153,156
5/28/2005,64.41944885,17.64374924,56.29999924,146
5/29/2005,45.67033768,13.07499981,56.79999924,146
5/30/2005,44.41033936,14.38749981,50.52500153,104
5/31/2005,42.88194275,13.91874981,50.70000076,139
6/1/2005,24.51893997,13.19999981,72.65000153,135
6/2/2005,29.15049934,15.81875038,78.44999695,127
6/3/2005,41.68174362,16.79999924,64.15000153,131
6/4/2005,53.58139801,15.13125038,56,130
6/5/2005,51.3045578,15.16874981,61.52499771,115
6/6/2005,42.02512741,13.64375019,69.72499847,126
6/7/2005,42.23692703,11.41874981,46.75,103
6/8/2005,29.86394691,13.71875,39.15000153,147
6/9/2005,46.9340477,15.02499962,38.82500076,132
6/10/2005,39.1930275,15.75625038,65.80000305,158
6/11/2005,41.94833374,11.30624962,53.54999924,128
6/12/2005,49.05711365,14.80000019,61.15000153,128
6/13/2005,46.83164978,12.58125019,44.82500076,145
6/14/2005,51.26364136,13.97500038,50.92499924,111
6/15/2005,52.54545593,15.76249981,69.15000153,124
6/16/2005,35,16.64999962,80.72499847,113
6/17/2005,17.8298111,20.80624962,70.47499847,156
6/18/2005,40.65406036,22.50625038,55.70000076,132
6/19/2005,67.92589569,24.52499962,42.32500076,147
6/20/2005,48.94255447,22.75625038,61.17499924,161
6/21/2005,49.50196075,20.09375,38.875,142
6/22/2005,57.10494995,21.25625038,47.65000153,133
6/23/2005,75.9146347,23.03750038,35.5,137
6/24/2005,48.5375824,22.00625038,54.22499847,197
6/25/2005,59.31081009,17.32500076,80.875,134
6/26/2005,60.4921875,16.44375038,63.375,107
6/27/2005,52.63840103,18.28750038,55.59999847,116
6/28/2005,59.39622498,19.35625076,46.79999924,119
6/29/2005,51.72727203,19.71249962,66.97499847,118
6/30/2005,40.18181992,16.89999962,83.375,129
7/1/2005,31.52112007,16.92499924,64.34999847,138
7/2/2005,32.63636398,18.75,73.34999847,145
7/3/2005,42.63636398,16.49374962,74.97499847,127
7/4/2005,30.90909004,14.94375038,56.22499847,135
7/5/2005,29.97310829,13.52499962,71.65000153,134
7/6/2005,32.84714508,16.1875,59.07500076,128
7/7/2005,42.3862915,15.56874943,74.05000305,128
7/8/2005,46.09090805,16.125,64.25,125
7/9/2005,72.45454407,17.86249924,74.02500153,125
7/10/2005,69.72727203,21.11874962,53.42499924,140
7/11/2005,37.36363602,22.07499886,55.15000153,135
7/12/2005,41.27272797,20.20000076,51.84999847,132
7/13/2005,50,21.78750038,51.15000153,153
7/14/2005,72.27272797,23.56875038,46.57500076,142
7/15/2005,64.54545593,21.65625,57.57500076,155
7/16/2005,55.90909195,18.77499962,45.27500153,136
7/17/2005,75.72727203,21.28125,40.20000076,133
7/18/2005,51.75110245,20.11250114,50.34999847,138
7/19/2005,46.31607056,17.76874924,41.90000153,128
7/20/2005,45.81793594,19.33749962,42.45000076,111
7/21/2005,37.09090805,17.375,55.42499924,113
7/22/2005,23.18181801,16.85000038,69.375,133
7/23/2005,26.90909004,18.98749924,64.44999695,114
7/24/2005,29.78438759,18.04374886,85.25,119
7/25/2005,30.28740311,16.34375,85.375,114
7/26/2005,33.94139481,16.50625038,57.32500076,136
7/27/2005,25.80361176,14.72499943,94.6000061,115
7/28/2005,30.63636398,19.33749962,80.59999847,143
7/29/2005,50.46374512,18.40625,55.5,135
7/30/2005,34.9737854,16.875,69.34999847,120
7/31/2005,30.72591972,16.79999924,70.55000305,138
8/1/2005,22.96206856,17.56875038,75.34999847,132
8/2/2005,41.34662628,18.00625038,60.15000153,119
8/3/2005,33.09590149,18.89374924,49.99468994,130
8/4/2005,26.92555618,17.375,51.90207672,131
8/5/2005,30.80746269,17.37827301,74.31851196,123
8/6/2005,31.21160316,15.52499962,58.22499847,130
8/7/2005,41.06955719,15.53125,50.20000076,115
8/8/2005,30.224123,15.96249962,51.09999847,134
8/9/2005,28.11707687,18.13125038,42.125,125
8/10/2005,25.70123672,19.14999962,59.25,144
8/11/2005,32.82494354,19.65625,53.375,127
8/12/2005,25.90909004,17.73125076,59.09999847,150
8/13/2005,24.90909004,16.11249924,72.75,142
8/14/2005,38,16.18124962,70.72499847,139
8/15/2005,27.72727203,16.92499924,59.32500076,137
8/16/2005,34,18.53125,51.79999924,117
8/17/2005,39.45454407,19.42499924,52.15000153,133
8/18/2005,47.63636398,21.16250038,52.45000076,147
8/19/2005,23.36363602,17.38125038,91.42500305,131
8/20/2005,29.36363602,16.64374924,64.02500153,121
8/21/2005,35.18181992,19.29375076,56.59999847,123
8/22/2005,11.54545498,15.99375057,94.02500153,111
8/23/2005,28.54545403,16.40625,56.79999924,106
8/24/2005,30.27401161,15.05624962,79.52500153,119
8/25/2005,34.82352829,14.89375019,61.07500076,113
8/26/2005,32.54545593,14.66875076,51.97499847,120
8/27/2005,28,16.38750076,64.05000305,136
8/28/2005,42.27272797,17.66875076,57.29999924,122
8/29/2005,36.54545593,18.60000038,61.27500153,131
8/30/2005,35.90909195,20.79999924,57.32500076,135
8/31/2005,63.90909195,22.78750038,51.84999847,152
9/1/2005,54.54545593,20.44491577,58.27500153,130
9/2/2005,39.18181992,18.25815964,52.22499847,117
9/3/2005,56,19.64452744,66.47499847,109
9/4/2005,58.18181992,22.45904922,59.52500153,140
9/5/2005,24.54545403,20.06624222,76.02500153,149
9/6/2005,10.909091,18.68014526,73.625,118
9/7/2005,41.63636398,18.68025398,58.27500153,131
9/8/2005,42.63452148,19.3303318,60.40000153,153
9/9/2005,16.09428978,19.55925941,70.59999847,118
9/10/2005,27.34966469,19.82357979,79.92500305,116
9/11/2005,37.36363602,16.52943993,91.80000305,133
9/12/2005,33.72727203,17.6578331,69.09999847,121
9/13/2005,37.43598938,16.75124359,64.80000305,111
9/14/2005,38.70995712,19.75844955,73.40000153,125
9/15/2005,21.26722717,17.73646355,91.94999695,118
9/16/2005,47.48522186,13.18576241,64.05000305,139
9/17/2005,24.63636398,10.62796783,53.45000076,116
9/18/2005,14.90942097,11.87152195,74.72499847,136
9/19/2005,25.27272797,16.27228546,62.92499924,142
9/20/2005,22.72727203,16.16543198,66.97499847,129
9/21/2005,25.54545403,16.94355774,74.19999695,128
9/22/2005,33.40622711,15.66544914,68.27500153,115
9/23/2005,26.90909004,14.79471207,86.375,107
9/24/2005,27.27272797,12.49966908,58.02027512,119
9/25/2005,35.90909195,16.21520042,71.0249939,110
9/26/2005,37.09090805,13.83593273,68.77500153,127
9/27/2005,39,16.20057487,71.97499847,154
9/28/2005,39.21711731,11.73509884,63.25,119
9/29/2005,27.8132,11.94967842,60.57500076,142
9/30/2005,18.06997108,15.16449547,91.72499847,144
10/1/2005,37.09090805,13.5855608,70.15000153,136
10/2/2005,30.45454597,11.47049809,59.59999847,121
10/3/2005,8.727272987,10.55665207,72.5,132
10/4/2005,14.5688076,12.64973831,64.875,140
10/5/2005,16.63636398,13.06420708,82.57499695,151
10/6/2005,10.81818199,14.71427631,85.69999695,141
10/7/2005,9.636363983,16.00785255,74.55000305,164
10/8/2005,38.18181992,15.45773411,74.94999695,125
10/9/2005,24.18181801,11.98537827,65.90000153,121
10/10/2005,35.18181992,15.67245388,66.22499847,137
10/11/2005,39.93964386,18.28053856,72.82499695,147
10/12/2005,26.05824661,18.12959862,87.40000153,150
10/13/2005,19.51228905,14.11423874,86.375,119
10/14/2005,26.72727203,13.9925251,83.375,110
10/15/2005,16.63636398,16.94363594,70.02500153,146
10/16/2005,15.88448429,14.47909164,73.09999847,99
10/17/2005,5.103423119,14.33696079,84.875,135
10/18/2005,3.631869316,11.44923782,73.15000153,140
10/19/2005,22.32009506,13.09984398,82.65000153,132
10/20/2005,33.7021904,12.93527794,65.875,124
10/21/2005,42.54545593,13.61446762,75.7250061,145
10/22/2005,26.72727203,13.36397934,76.52500153,131
10/23/2005,15.36363602,11.21404362,79.47499847,140
10/24/2005,39.54545593,13.40703583,92.80000305,140
10/25/2005,48.45454407,15.28604412,67.47499847,129
10/26/2005,21.45454597,15.04325771,85.65000153,135
10/27/2005,30,17.48011398,69.05000305,138
10/28/2005,38.36363602,15.55758381,82.19999695,147
10/29/2005,32.36363602,14.45055771,86.05000305,140
10/30/2005,43.09090805,16.77240944,76.02500153,143
10/31/2005,21.81818199,13.27799988,89.97499847,110
11/1/2005,35.47704315,12.25,70.72499847,133
11/2/2005,42.91579056,13.85000038,90.57499695,142
11/3/2005,58.65893936,14.73124981,72.45000458,128
11/4/2005,36.76244354,10.84375,67.65000153,148
11/5/2005,32.68563843,9.056249619,78.97499847,128
11/6/2005,49.71536636,11.97500038,87.72499847,126
11/7/2005,28.10966492,11.13125038,74.22499847,143
11/8/2005,44.31879807,13.67500019,72.67500305,147
11/9/2005,18.38731766,9.543749809,73.19999695,124
11/10/2005,28.79800224,9.524999619,87.34999847,122
11/11/2005,48.60134888,12.83749962,74.65000153,130
11/12/2005,28.22756767,8.237500191,71.40000153,126
11/13/2005,16.60860634,6.206250191,82.65000153,122
11/14/2005,4.772598267,5.181250095,79.40000153,127
11/15/2005,14.29886532,7.800000191,76.77500153,152
11/16/2005,21.76246834,5.699999809,68.09999847,137
11/17/2005,5.273384571,2.881249905,68.22499847,115
11/18/2005,3.881900072,2.262500048,76.84999847,147
11/19/2005,3.875136375,2.924999952,81.25,152
11/20/2005,2.788878918,2.206249952,82.97499847,121
11/21/2005,2.489022732,2.9375,84.5,132
11/22/2005,2.091016769,4.6875,87.59999847,159
11/23/2005,2.191130877,4.050000191,93.65000153,159
11/24/2005,14.61206245,5.412499905,78.75,156
11/25/2005,23.190979,1.368749976,74.52500153,143
11/26/2005,17.78973389,3.231249809,82.19999695,136
11/27/2005,13.81676102,3.087500095,84.94999695,132
11/28/2005,10.64318085,3.206249952,75.19999695,141
11/29/2005,7.562903881,2.856250048,77.875,159
11/30/2005,10.21966076,3.700000048,81.55000305,145
12/1/2005,26.42478561,7.068749905,88.09999847,157
12/2/2005,43.72654343,8.625,77.34999847,175
12/3/2005,36.76196671,8.087499619,81.75,151
12/4/2005,15.4024992,6.875,84.05000305,133
12/5/2005,9.728413582,6.412499905,81.27500153,129
12/6/2005,2.388843298,3.862499952,88.42500305,147
12/7/2005,6.064391136,3.5,86,161
12/8/2005,13.81533527,5.224999905,87.07499695,151
12/9/2005,1.696028829,3.287499905,92.80000305,150
12/10/2005,2.292016745,4.46875,83.57499695,150
12/11/2005,1.696363091,3.200000048,90.15000153,139
12/12/2005,16.09644699,4.506249905,77.65000153,146
12/13/2005,11.53411674,5.793749809,77.125,149
12/14/2005,11.42922688,6,79.82500458,161
12/15/2005,17.5748024,8.387499809,74.20000458,190
12/16/2005,38.05425262,8.737500191,65.32499695,173
12/17/2005,26.04367828,2.992834806,55.52500153,135
12/18/2005,12.31576443,1.277671933,70.15000153,133
12/19/2005,15.11377525,4.693908215,80.05000305,165
12/20/2005,2.689614773,3.431250095,79,152
12/21/2005,8.436730385,6.768750191,85.32499695,164
12/22/2005,19.15979004,7.506249905,77.40000153,157
12/23/2005,20.20956612,8.637806892,70.82499695,144
12/24/2005,10.24477673,8.75,82.5,153
12/25/2005,24.35951614,4.168749809,79.65000153,154
12/26/2005,33.26908875,3.46875,84.69999695,169
12/27/2005,30.06263733,1.231250048,82.72499847,146
12/28/2005,24.44202423,-0.193749994,84.38335419,158
12/29/2005,13.03702259,0.006249994,88.07499695,158
12/30/2005,29.22717285,3.481250048,92.97499847,176
12/31/2005,46.15328598,5.931250095,75.44999695,176
1/1/2006,25.50846481,5.737500191,78.75,147
1/2/2006,11.61260986,6.268750191,86.94999695,145
1/3/2006,5.229525566,7.224999905,92.02500153,157
1/4/2006,19.8453064,5.59375,83.52500153,153
1/5/2006,7.417328835,2.78125,75.09999847,150
1/6/2006,2.711876631,3,75.97499847,154
1/7/2006,1.728914976,2.049999952,91.5,153
1/8/2006,1.842507958,3.056250095,88.875,160
1/9/2006,5.236297607,5.424999714,90.34999847,172
1/10/2006,25.5082531,6.393750191,83.47499847,152
1/11/2006,23.79649734,7.581250191,75.59999847,153
1/12/2006,12.01805496,3.0625,84.44999695,162
1/13/2006,20.34126663,5.849999905,77.875,156
1/14/2006,20.86159134,7.599999905,87.07499695,148
1/15/2006,29.55135536,8.074999809,86.69999695,142
1/16/2006,28.7539196,7.400000095,89.05000305,149
1/17/2006,19.01937103,7.525000095,83.47499847,168
1/18/2006,8.376992226,8.84375,89.25,148
1/19/2006,22.38112831,9.618749619,89.09999847,152
1/20/2006,42.39990234,8.550000191,68.47499847,149
1/21/2006,19.0257225,6.125,75.30000305,160
1/22/2006,10.27256393,2.799999952,80.00428772,138
1/23/2006,7.655813217,1.71875,74.77500153,148
1/24/2006,3.026589394,0.743750036,76.32499695,148
1/25/2006,14.77332783,1.524999976,79.69999695,167
1/26/2006,41.75864792,2.893749952,65.69999695,143
1/27/2006,35.63602829,2.487499952,66.25,137
1/28/2006,37.28631973,2.768749952,65.625,156
1/29/2006,43.99370193,3.212500095,70.42500305,186
1/30/2006,45.95874023,4.349999905,73,147
1/31/2006,27.38923836,4.268750191,78.05000305,159
2/1/2006,2.054008722,1.28125,83.125,160
2/2/2006,2.720264912,-0.71875,83.47499847,159
2/3/2006,2.279757023,0.143749997,87.34882355,147
2/4/2006,7.751541615,2.381249905,75.27500153,176
2/5/2006,3.809525013,4.568749905,83.65000153,135
2/6/2006,15.53700829,5.337500095,69.84999847,160
2/7/2006,30.98336792,7.212500095,72.72499847,153
2/8/2006,35.67169571,6.199999809,66.375,147
2/9/2006,25.52549934,3.331249952,51.97499847,135
2/10/2006,15.00275517,2.387500048,64.30000305,159
2/11/2006,11.15514851,2.799999952,70.625,142
2/12/2006,33.82785416,5.231249809,93.90000153,167
2/13/2006,23.50058937,8.625,81.375,176
2/14/2006,44.37794113,8.712499619,73.72499847,179
2/15/2006,53.84006882,9.131250381,73.02500153,178
2/16/2006,50.41314316,6.875,76.19999695,165
2/17/2006,33.19578171,7.306250095,69,132
2/18/2006,14.22764587,4.3125,80.32499695,157
2/19/2006,22.21122169,4.631249905,92.05000305,163
2/20/2006,48.38022614,5.212500095,61.77500153,156
2/21/2006,48.52012253,3.65625,80.875,145
2/22/2006,41.71263885,2.775000095,81.92500305,156
2/23/2006,23.69357872,1.649999976,91.84999847,158
2/24/2006,28.3006382,1.956249952,70.34999847,193
2/25/2006,58.35380936,3.9375,59.52500153,173
2/26/2006,58.98321915,4.087500095,62.375,162
2/27/2006,30.57531929,3.78125,65.75,168
2/28/2006,41.99435043,3.168750048,53.5,163
3/1/2006,29.96570015,1.456249952,59.57302094,147
3/2/2006,19.71106529,1.162500024,63.79431534,145
3/3/2006,15.68121147,1.806249976,62.72499847,174
3/4/2006,23.90686226,0.743749976,61.45000076,156
3/5/2006,39.34279633,2.912499905,52.64600372,142
3/6/2006,26.39838791,3.993750095,62.97499847,163
3/7/2006,21.10707855,4.662499905,86.47499847,173
3/8/2006,17.01980972,8.162500381,90.90000153,158
3/9/2006,38.67031097,9.037500381,85,173
3/10/2006,53.73392868,6.006249905,65.02500153,162
3/11/2006,62.58704376,3.875,68.97499847,127
3/12/2006,55.07826233,1.856250048,58.82500076,152
3/13/2006,57.1391983,2.262500048,45.8133812,187
3/14/2006,36.8929863,3.868750095,65.875,180
3/15/2006,28.18767548,6.21875,63.15000153,154
3/16/2006,53.89110565,1.84375,76.59999847,152
3/17/2006,68.11306,3.275000095,68.40000153,155
3/18/2006,69.11357117,4.012499809,61.57499695,137
3/19/2006,72.5083847,5.5625,61.75,151
3/20/2006,58.38038254,3.96875,71.59999847,170
3/21/2006,61.34076691,3.743750095,54.20000076,145
3/22/2006,51.99047852,3.056249857,52.65000153,161
3/23/2006,25.83563614,5.125,40.17499924,168
3/24/2006,36.65333939,9.106249809,84.09999847,189
3/25/2006,59.26457214,11.14375019,77.09999847,159
3/26/2006,46.32168961,12.66053486,87,146
3/27/2006,71.7009964,11.96875,82.80000305,165
3/28/2006,62.22008514,10.60624981,64.375,155
3/29/2006,49.76081085,9.868749619,70.32499695,168
3/30/2006,61.05140686,11.56875038,75.875,137
3/31/2006,65.10742188,12.64999962,63.20000076,169
4/1/2006,72.18438721,11.31875038,59.90000153,160
4/2/2006,72.19815063,9.774999619,73.42500305,119
4/3/2006,50.83354187,9.193749428,57.90000153,138
4/4/2006,54.88122177,5.550000191,53.77500153,148
4/5/2006,41.84233093,5.34375,40.47499847,134
4/6/2006,44.60051727,7.143749714,38.57500076,162
4/7/2006,47.96230698,7.800000191,70.15000153,138
4/8/2006,72.7170105,8.649999619,45.17499924,143
4/9/2006,55.8976059,6.287500381,62.15000153,122
4/10/2006,45.56929016,5.662499905,54.15000153,157
4/11/2006,39.58723068,5.162499905,71.02500153,141
4/12/2006,46.29823685,8.574999809,55.54999924,164
4/13/2006,53.6640892,12.14999962,70.57499695,147
4/14/2006,39.89007568,11.09375,76.09999847,133
4/15/2006,17.79361534,11.05624962,79.25,133
4/16/2006,33.72911072,11.24374962,63,126
4/17/2006,55.20917511,10.44375038,55.20000076,147
4/18/2006,52.05090332,10.24374962,53.27500153,138
4/19/2006,56.58826447,10.73750019,63.42499924,142
4/20/2006,48.71641159,11.58125019,82.07499695,158
4/21/2006,29.12584114,13.43124962,56.84999847,120
4/22/2006,54.53921127,12.20625019,55.44999695,129
4/23/2006,41.45195389,10.78750038,84.19999695,152
4/24/2006,23.86735153,11.77499962,82.94999695,134
4/25/2006,17.70303726,10.875,81.57499695,123
4/26/2006,43.42061996,11.75625038,60.125,153
4/27/2006,31.33104897,12.60000038,53.02500153,146
4/28/2006,45.52135086,10.98750019,55.375,145
4/29/2006,59.8266449,10.08749962,48.92499924,158
4/30/2006,52.35433197,9.381250381,66.77500153,131
5/1/2006,59.26891327,11.05624962,65.57499695,145
5/2/2006,45.25390244,10.21875,61.22499847,135
5/3/2006,39.87073135,13.79374981,63.45000076,127
5/4/2006,52.94112015,19.625,46.70000076,127
5/5/2006,58.32635117,16.29999924,54.45000076,140
5/6/2006,19.24798965,12.43124962,70.80000305,133
5/7/2006,48.66890717,14.54374981,69.42500305,148
5/8/2006,37.0889473,12.85624981,83.92500305,134
5/9/2006,37.94070435,13.89999962,74.97499847,122
5/10/2006,50.81761551,15.88125038,65.52500153,140
5/11/2006,49.57249451,15.76249981,39.92499924,132
5/12/2006,46.99345779,16.68124962,44,140
5/13/2006,60.59580231,14.65625,67.47499847,138
5/14/2006,60.24951172,13.31875038,77.52500153,139
5/15/2006,38.45397949,14.4375,73.15000153,139
5/16/2006,37.82118988,14.29374981,71.57499695,135
5/17/2006,31.177742,13.56875038,84.84999847,131
5/18/2006,63.88027954,14.59375,67.19999695,143
5/19/2006,61.45682907,13.78125,68.84999847,114
5/20/2006,59.14135361,12.82500076,75.625,128
5/21/2006,51.86720657,12.55000019,87.375,118
5/22/2006,55.07657242,12.40625,78.15000153,151
5/23/2006,44.3124733,10.24374962,61.57499695,125
5/24/2006,65.14157104,11.67500019,71.94999695,123
5/25/2006,48.46881485,13.67500019,62.57500076,130
5/26/2006,23.63443375,15.88749981,81.72499847,149
5/27/2006,22.97037315,15.14375019,88.2250061,125
5/28/2006,51.26860428,13.80000019,54.20000076,124
5/29/2006,57.76711655,11.66250038,54.72499847,128
5/30/2006,46.86017227,9.387499809,49.59999847,140
5/31/2006,48.84164429,10.42079544,46.57500076,132
6/1/2006,23.34285927,10.86250019,61.72499847,116
6/2/2006,26.18619156,14.63749981,63.5,158
6/3/2006,53.87498093,16.46875,39.17499924,130
6/4/2006,53.27052307,16.58124924,48.22499847,139
6/5/2006,44.89390564,15.89375019,59.125,129
6/6/2006,54.44882202,14.68124962,51.57500076,133
6/7/2006,50.21222687,18.20000076,52.57500076,136
6/8/2006,62.92906952,20.08749962,48.97500229,136
6/9/2006,72.59949493,19.66250038,43.375,143
6/10/2006,87.47825623,21.35625076,37.59999847,151
6/11/2006,71.93469238,22.73749924,51.57500076,150
6/12/2006,73.96948242,24.54375076,41.07500076,164
6/13/2006,29.16573143,20.35000038,78.55000305,169
6/14/2006,52.80472946,15.96249962,77.34999847,116
6/15/2006,54.90896225,15.61874962,55.54999924,130
6/16/2006,52.98896027,17.91875076,52.34999847,145
6/17/2006,74.54984283,20.88750076,44.15000153,143
6/18/2006,99.55774689,19.95625114,51.27500153,133
6/19/2006,48.02664948,17.33124924,66.32499695,110
6/20/2006,52.00544739,18.10625076,57.09999847,122
6/21/2006,58.05168533,16.73125076,49.40000153,121
6/22/2006,56.18847275,15.30000019,46.42499924,123
6/23/2006,50.60388947,16.00625038,45.375,139
6/24/2006,69.29321289,18.46249962,46.17499924,139
6/25/2006,76.43444061,18.23749924,51.59999847,118
6/26/2006,46.10419083,14.80000019,86.92500305,153
6/27/2006,34.43537521,15.01875019,64.375,118
6/28/2006,34.58872223,16.84375,48.32500076,125
6/29/2006,41.37454605,17.82500076,52.09999847,112
6/30/2006,58.65916443,20.02499962,35.25,153
7/1/2006,82.61553192,21.66250038,39.15000153,144
7/2/2006,96.99435425,24.49374962,38.67499924,166
7/3/2006,94.1566925,23.60625076,37.22499847,159
7/4/2006,83.35961151,23.74374962,52.04999924,150
7/5/2006,57.26516724,20.64999962,80.84999847,114
7/6/2006,59.98583221,20.76250076,74.625,141
7/7/2006,33.38386536,18.95624924,61.75,129
7/8/2006,44.97162247,17.71875,49.42499924,106
7/9/2006,52.23632813,18.5,71.625,124
7/10/2006,26.25625992,18.02499962,77.09999847,118
7/11/2006,37.38050461,20.43124962,51.57500076,111
7/12/2006,51.35799789,19.70000076,42.27500153,114
7/13/2006,36.36552811,18.29374886,63.70000076,127
7/14/2006,49.01291656,17.26874924,49.5,113
7/15/2006,57.07985687,19.22500038,48.22499847,130
7/16/2006,68.25134277,21.48749924,46.84999847,144
7/17/2006,76.12029266,23.25,34.47499847,132
7/18/2006,90.92737579,23.95624924,35.40000153,153
7/19/2006,104.1068115,26.13750076,40.82500076,163
7/20/2006,87.15690613,24.89999962,46.92500305,123
7/21/2006,77.01991272,24.07499886,49.25,145
7/22/2006,61.21061707,24.39374924,74.15000153,157
7/23/2006,41.57774353,21.53750038,64.5,142
7/24/2006,45.6048584,22.25,45.77595901,153
7/25/2006,58.75740433,24.46919632,46.70000076,145
7/26/2006,95.8890686,25.85625076,49.20000076,139
7/27/2006,73.56063843,24.57500076,52.02500153,163
7/28/2006,47.71439362,22.45624924,61.40000153,142
7/29/2006,40.01533127,21.10625076,53.70000076,147
7/30/2006,49.81376266,21.35000038,45.57500076,109
7/31/2006,49.34656143,19.81466675,52.59999847,133
8/1/2006,37.4721756,18.11875153,55.84999847,138
8/2/2006,40.26203156,18.11874962,46.79999924,141
8/3/2006,31.69281197,16.91875076,76.27500153,126
8/4/2006,27.93038559,16.88750076,57.40000153,135
8/5/2006,37.36457443,19.99374962,48.65000153,110
8/6/2006,24.24827385,22.19375038,51.84999847,136
8/7/2006,19.28486061,20.68124962,79.625,135
8/8/2006,46.62916183,18.13124847,46.20000076,130
8/9/2006,35.38241196,18.60000038,53.22499847,128
8/10/2006,36.6765976,16.52499962,58.84999847,121
8/11/2006,37.76376724,16.13750076,49.92816162,128
8/12/2006,40.55501938,15.94999981,72.82499695,121
8/13/2006,42.52536774,16.14810371,83.75,137
8/14/2006,18.48950958,15.31726265,82.52500153,124
8/15/2006,36.87188339,17.01874924,60.5,121
8/16/2006,36.34645081,17.09375,64.34999847,116
8/17/2006,32.77491379,18.41250038,64.90000153,103
8/18/2006,39.55367279,17.51874924,77.67500305,116
8/19/2006,48.18127823,17.77499962,73.45000458,130
8/20/2006,53.37074661,17.65625,74.07499695,121
8/21/2006,29.79769516,17.1875,69.52500153,129
8/22/2006,30.50379181,16.01250076,59.84999847,138
8/23/2006,24.73087883,17.26250076,78.25,114
8/24/2006,19.88904572,17.47500038,69.97499847,117
8/25/2006,29.91301918,15.92500019,50.92499924,133
8/26/2006,25.93335724,17.14999962,73.94999695,153
8/27/2006,33.79297256,16.98125076,56.25,127
8/28/2006,36.37731171,16.39999962,62.27500153,125
8/29/2006,26.62828064,15.54374981,69.52500153,152
8/30/2006,26.97395134,15.35000038,58.02500153,113
8/31/2006,33.33904266,18.82500076,69.15000153,121
9/1/2006,30.53361702,18.58124924,71.18526459,116
9/2/2006,34.69079971,16.8125,81.71215057,125
9/3/2006,35.99200439,21.07499886,72.80425262,106
9/4/2006,34.93011093,19.35625076,61.5,141
9/5/2006,14.98645115,21.36249924,66.92500305,134
9/6/2006,23.15003777,21.55624962,61.97499847,129
9/7/2006,42.0352478,16.86249924,52.57500076,118
9/8/2006,39.34360123,14.96249962,54.75,131
9/9/2006,35.83702469,16.78750038,53,128
9/10/2006,40.65550613,18.51249886,52.82500076,129
9/11/2006,39.14384842,21.30624962,45.42499924,140
9/12/2006,11.33396721,18.875,80.57499695,132
9/13/2006,30.45082283,19.82500076,76.52500153,122
9/14/2006,23.57309723,18.63125038,77.52500153,117
9/15/2006,39.54468155,17.99374962,75.82499695,124
9/16/2006,64.83004761,18.46249962,78.55000305,124
9/17/2006,47.02633286,19.67499924,60.34999847,115
9/18/2006,35.38235474,17.93124962,63.55000305,102
9/19/2006,38.65420151,16.41250038,57.79999924,128
9/20/2006,40.72227859,17.21875,62.54999924,124
9/21/2006,59.00423813,22.0625,52.29999924,115
9/22/2006,35.36691666,18.03125,90.07499695,138
9/23/2006,21.14227486,17.94052505,72.12400818,130
9/24/2006,34.1912117,19.01874924,70.04839325,121
9/25/2006,6.055644989,16.97112656,85.32801056,117
9/26/2006,17.38529205,16.44375038,70.25,119
9/27/2006,35.27676392,15.60624981,74.90000153,139
9/28/2006,27.11109734,17.85625076,81.5,120
9/29/2006,28.10171509,17.11249924,85.57499695,115
9/30/2006,36.64672089,15.54374981,83.69999695,134
10/1/2006,50.09417725,16.5,79.22499847,136
10/2/2006,37.87157059,15.33125019,83.59999847,104
10/3/2006,20.36363602,12.43124962,74.6499939,105
10/4/2006,24.09090996,12.22500038,60.52500153,128
10/5/2006,23.90909004,11.58749962,89.28798676,128
10/6/2006,38.45454407,15.19999981,81.625,134
10/7/2006,35.54545593,12.94999981,58.27500153,134
10/8/2006,35.54545593,13.34375,67.22499847,111
10/9/2006,26.72727203,16.75625038,78.44999695,130
10/10/2006,11.45454502,17.85625076,83.15000153,140
10/11/2006,10.45454502,17.03125,87.19999695,126
10/12/2006,17.18181801,13.30624962,72.09999847,120
10/13/2006,7.636363506,14.04374981,76.92500305,116
10/14/2006,18,13.55624962,81.75,110
10/15/2006,41.27272797,14.6875,73.80000305,130
10/16/2006,9,14.86874962,76.19999695,140
10/17/2006,10.72727299,13.74374962,81.72499847,131
10/18/2006,11.72727299,15.78750038,83.80000305,120
10/19/2006,38.27272797,15.48124981,74.92500305,126
10/20/2006,43,15.30624962,76.72499847,140
10/21/2006,47.36363602,14.97500038,76.42500305,125
10/22/2006,44.54545593,13.56875038,83.84999847,149
10/23/2006,17.45454597,12.625,83.32499695,135
10/24/2006,12.81818199,12.4375,76.625,119
10/25/2006,12.63636398,11.83750057,81.375,141
10/26/2006,39.09090805,15.03750038,76.25,138
10/27/2006,17.18181801,10.20625019,70.65000153,141
10/28/2006,30.28202438,13.23750019,83.90000153,114
10/29/2006,26.13880157,13.96875,69.42500305,146
10/30/2006,16.47360039,13.03749943,84.57499695,140
10/31/2006,45.78678131,12.1480751,61.52500153,137
11/1/2006,27.2326355,6.3155756,60.02500153,123
11/2/2006,12.4048605,5.00099659,61.82499695,141
11/3/2006,6.636363506,5.622855186,65.79999542,145
11/4/2006,7.363636494,5.429947853,69.22499847,132
11/5/2006,12,8.068025589,76.375,154
11/6/2006,5,8.146960258,79.15000153,146
11/7/2006,3.272727251,7.374926567,87.30000305,134
11/8/2006,13.81818199,10.44808102,87.6000061,130
11/9/2006,17.45454597,8.768320084,67.77500153,145
11/10/2006,13.63636398,7.103260994,75.72499847,137
11/11/2006,39.18181992,10.2472744,71.15000153,119
11/12/2006,37.63636398,9.97584343,71.42500305,140
11/13/2006,38.36363602,12.82011032,74.42500305,142
11/14/2006,33.90909195,12.09076881,86.42500305,141
11/15/2006,34.90909195,12.69830322,79.52500153,147
11/16/2006,21.72727203,10.71148491,85.27500153,140
11/17/2006,31.36363602,9.246699333,74.77500153,135
11/18/2006,25.54545403,6.6304245,64.34999847,119
11/19/2006,27.18181801,6.102134228,73.05000305,125
11/20/2006,31.63636398,9.246232986,85.77500153,155
11/21/2006,30,6.573288918,75.80000305,134
11/22/2006,23.63636398,7.723817825,83.625,136
11/23/2006,45.18181992,9.846475601,69.27500153,133
11/24/2006,30.18181801,10.25424957,83.80000305,138
11/25/2006,47,11.13320732,74.67500305,141
11/26/2006,42.72727203,9.710943222,83.94999695,139
11/27/2006,39.72727203,11.83309174,77.59999847,139
11/28/2006,26.90909004,11.28299427,80.0249939,140
11/29/2006,24.36363602,9.160434723,79.27500153,138
11/30/2006,27,9.103074074,77.55000305,128
12/1/2006,27.36363602,10.41072178,92.47499847,149
12/2/2006,37.54545593,10.20371628,79.02500153,113
12/3/2006,61.18181992,8.938455582,71.44999695,147
12/4/2006,48.18181992,10.51803112,74.69999695,151
12/5/2006,56,11.19701385,77.82499695,136
12/6/2006,44.27272797,8.738705635,63.375,144
12/7/2006,57.93379211,8.445519447,76.40000153,126
12/8/2006,20.72727203,7.030614376,77.55000305,148
12/9/2006,10.090909,4.879362106,77.52500153,140
12/10/2006,28.45454597,5.022549152,77.69999695,132
12/11/2006,33.64922714,7.973957062,88.02500153,142
12/12/2006,38.06098175,7.266461849,76.02500153,143
12/13/2006,50.85562897,10.26084042,76.40000153,140
12/14/2006,55.99954224,11.59713268,72.55000305,134
12/15/2006,42.47027206,11.23736858,80,127
12/16/2006,18.33901596,7.523171425,82,153
12/17/2006,13.60883045,5.584123135,80.02500153,141
12/18/2006,2.049387455,5.275587559,88.375,135
12/19/2006,1.952392817,1.770664215,92.59999847,152
12/20/2006,1.636363626,0.012333147,95.32499695,133
12/21/2006,1.272727251,-0.630909204,97.82499695,132
12/22/2006,1.181818128,-0.269924134,98.86263275,169
12/23/2006,7.454545498,1.733931422,94.34999847,147
12/24/2006,28.54545403,4.714353085,86.07499695,162
12/25/2006,27.81818199,5.207513809,84.44999695,137
12/26/2006,10.090909,5.471939087,83.80000305,162
12/27/2006,5.818181992,5.478919506,85.47499847,153
12/28/2006,23.18181801,7.93744278,85.84999847,157
12/29/2006,37.72727203,8.009419441,88.02500153,153
12/30/2006,56.81818008,9.731785774,84.19999695,143
12/31/2006,56.36363602,10.01869106,85.5249939,137
